n_sector,addetti_ul,1,2,3,4,5,6,7,8,9,10,11,12,13,14,15,16,17,18,19,20,21,22,23,24,25,26,27,28,29,30,31,32,33,34,35,36,37,38,39,40,41,42,43,44,45,46,47,48,49,50,51,52,53,54,55,56,57,58,59,60,61,62,63,64,65,66,67,68,69,70,71,72,73,74,75,76,77,78,79,80,81,82,83,84,85,86,87,88,89,90,91,92,93,94,95,96,97,98,99,100
3,1664.049996684,1.0,1.0,1.0,1.0,1.0,1.0,1.0,1.0,1.0,1.0,1.0,1.0,1.0,1.0,1.0,1.0,1.0,1.0,1.0,1.0,1.0,1.0,1.0,1.0,1.0,1.0,1.0,1.0,1.0,1.0,1.0,1.0,1.0,1.0,1.0,1.0,1.0,1.0,1.0,1.0,1.0,1.0,1.0,1.0,1.0,1.0,1.0,1.0,1.0,1.0,1.0,1.0,1.0,1.0,1.0,1.0,1.0,1.0,1.0,1.0,1.0,1.0,1.0,1.0,1.0,1.0,1.0,1.0,1.0,1.0,1.0,1.0,0.0,0.0,0.0,0.0,0.0,0.0,0.0,0.0,0.0,0.0,0.0,0.0,0.0,0.0,0.0,0.0,0.0,0.0,0.0,0.0,0.0,0.0,0.0,0.0,0.0,0.0,0.0,0.0
4,22621.679968997,1.0,1.0,1.0,1.0,1.0,1.0,1.0,1.0,1.0,1.0,1.0,1.0,1.0,1.0,1.0,1.0,1.0,1.0,1.0,1.0,1.0,1.0,1.0,1.0,0.9539848507260907,0.9539848507260907,0.9539848507260907,0.9539848507260907,0.9539848507260907,0.9539848507260907,0.9539848507260907,0.9539848507260907,0.9539848507260907,0.9539848507260907,0.9539848507260907,0.9539848507260907,0.9539848507260907,0.9539848507260907,0.9539848507260907,0.9539848507260907,0.9480206605768663,0.9480206605768663,0.9480206605768663,0.9480206605768663,0.9480206605768663,0.9480206605768663,0.9480206605768663,0.9480206605768663,0.9480206605768663,0.9480206605768663,0.9480206605768663,0.9480206605768663,0.9480206605768663,0.9480206605768663,0.9480206605768663,0.9480206605768663,0.9480206605768663,0.9480206605768663,0.9480206605768663,0.9480206605768663,0.9480206605768663,0.9480206605768663,0.9480206605768663,0.9480206605768663,0.9480206605768663,0.9480206605768663,0.9480206605768663,0.9480206605768663,0.9480206605768663,0.9480206605768663,0.9480206605768663,0.9480206605768663,0.007097616115162417,0.007097616115162417,0.007097616115162417,0.007097616115162417,0.0,0.0,0.0,0.0,0.0,0.0,0.0,0.0,0.0,0.0,0.0,0.0,0.0,0.0,0.0,0.0,0.0,0.0,0.0,0.0,0.0,0.0,0.0,0.0
5,108294.55994311199,1.0000000000000002,1.0000000000000002,1.0000000000000002,1.0000000000000002,0.0,0.0,0.0,0.0,0.0,0.0,0.0,0.0,0.0,0.0,0.0,0.0,0.0,0.0,0.0,0.0,0.0,0.0,0.0,0.0,0.0,0.0,0.0,0.0,0.0,0.0,0.0,0.0,0.0,0.0,0.0,0.0,0.0,0.0,0.0,0.0,0.0,0.0,0.0,0.0,0.0,0.0,0.0,0.0,0.0,0.0,0.0,0.0,0.0,0.0,0.0,0.0,0.0,0.0,0.0,0.0,0.0,0.0,0.0,0.0,0.0,0.0,0.0,0.0,0.0,0.0,0.0,0.0,0.0,0.0,0.0,0.0,0.0,0.0,0.0,0.0,0.0,0.0,0.0,0.0,0.0,0.0,0.0,0.0,0.0,0.0,0.0,0.0,0.0,0.0,0.0,0.0,0.0,0.0,0.0,0.0
6,6671.5099912470005,0.9999999999999999,0.9999999999999999,0.9999999999999999,0.9999999999999999,0.0,0.0,0.0,0.0,0.0,0.0,0.0,0.0,0.0,0.0,0.0,0.0,0.0,0.0,0.0,0.0,0.0,0.0,0.0,0.0,0.0,0.0,0.0,0.0,0.0,0.0,0.0,0.0,0.0,0.0,0.0,0.0,0.0,0.0,0.0,0.0,0.0,0.0,0.0,0.0,0.0,0.0,0.0,0.0,0.0,0.0,0.0,0.0,0.0,0.0,0.0,0.0,0.0,0.0,0.0,0.0,0.0,0.0,0.0,0.0,0.0,0.0,0.0,0.0,0.0,0.0,0.0,0.0,0.0,0.0,0.0,0.0,0.0,0.0,0.0,0.0,0.0,0.0,0.0,0.0,0.0,0.0,0.0,0.0,0.0,0.0,0.0,0.0,0.0,0.0,0.0,0.0,0.0,0.0,0.0,0.0
7,10080.339993598,1.0,1.0,1.0,1.0,0.0,0.0,0.0,0.0,0.0,0.0,0.0,0.0,0.0,0.0,0.0,0.0,0.0,0.0,0.0,0.0,0.0,0.0,0.0,0.0,0.0,0.0,0.0,0.0,0.0,0.0,0.0,0.0,0.0,0.0,0.0,0.0,0.0,0.0,0.0,0.0,0.0,0.0,0.0,0.0,0.0,0.0,0.0,0.0,0.0,0.0,0.0,0.0,0.0,0.0,0.0,0.0,0.0,0.0,0.0,0.0,0.0,0.0,0.0,0.0,0.0,0.0,0.0,0.0,0.0,0.0,0.0,0.0,0.0,0.0,0.0,0.0,0.0,0.0,0.0,0.0,0.0,0.0,0.0,0.0,0.0,0.0,0.0,0.0,0.0,0.0,0.0,0.0,0.0,0.0,0.0,0.0,0.0,0.0,0.0,0.0
8,5203.2799978699995,1.0000000000000002,1.0000000000000002,1.0000000000000002,1.0000000000000002,0.0,0.0,0.0,0.0,0.0,0.0,0.0,0.0,0.0,0.0,0.0,0.0,0.0,0.0,0.0,0.0,0.0,0.0,0.0,0.0,0.0,0.0,0.0,0.0,0.0,0.0,0.0,0.0,0.0,0.0,0.0,0.0,0.0,0.0,0.0,0.0,0.0,0.0,0.0,0.0,0.0,0.0,0.0,0.0,0.0,0.0,0.0,0.0,0.0,0.0,0.0,0.0,0.0,0.0,0.0,0.0,0.0,0.0,0.0,0.0,0.0,0.0,0.0,0.0,0.0,0.0,0.0,0.0,0.0,0.0,0.0,0.0,0.0,0.0,0.0,0.0,0.0,0.0,0.0,0.0,0.0,0.0,0.0,0.0,0.0,0.0,0.0,0.0,0.0,0.0,0.0,0.0,0.0,0.0,0.0,0.0
9,948.33000881,1.0,1.0,1.0,1.0,1.0,1.0,1.0,1.0,1.0,1.0,1.0,1.0,1.0,1.0,1.0,1.0,1.0,1.0,1.0,1.0,1.0,1.0,1.0,1.0,0.9989455147567724,0.9989455147567724,0.9989455147567724,0.9989455147567724,0.9989455147567724,0.9989455147567724,0.9989455147567724,0.9989455147567724,0.9989455147567724,0.9989455147567724,0.9989455147567724,0.9989455147567724,0.9989455147567724,0.9989455147567724,0.9989455147567724,0.9989455147567724,0.9989455147567724,0.9989455147567724,0.9989455147567724,0.9989455147567724,0.9989455147567724,0.9989455147567724,0.9989455147567724,0.9989455147567724,0.9989455147567724,0.9989455147567724,0.9989455147567724,0.9989455147567724,0.9989455147567724,0.9989455147567724,0.9989455147567724,0.9989455147567724,0.9989455147567724,0.9989455147567724,0.9989455147567724,0.9989455147567724,0.9989455147567724,0.9989455147567724,0.9989455147567724,0.9989455147567724,0.9989455147567724,0.9989455147567724,0.9989455147567724,0.9989455147567724,0.9989455147567724,0.9989455147567724,0.9989455147567724,0.9989455147567724,0.0,0.0,0.0,0.0,0.0,0.0,0.0,0.0,0.0,0.0,0.0,0.0,0.0,0.0,0.0,0.0,0.0,0.0,0.0,0.0,0.0,0.0,0.0,0.0,0.0,0.0,0.0,0.0
10,6498.089992698,1.0,1.0,1.0,1.0,1.0,1.0,1.0,1.0,1.0,1.0,1.0,1.0,1.0,1.0,1.0,1.0,1.0,1.0,1.0,1.0,1.0,1.0,1.0,1.0,0.988087268876395,0.988087268876395,0.988087268876395,0.988087268876395,0.988087268876395,0.988087268876395,0.988087268876395,0.988087268876395,0.988087268876395,0.988087268876395,0.988087268876395,0.988087268876395,0.988087268876395,0.988087268876395,0.988087268876395,0.988087268876395,0.9732075117618194,0.9732075117618194,0.9732075117618194,0.9732075117618194,0.9732075117618194,0.9732075117618194,0.9732075117618194,0.9732075117618194,0.9732075117618194,0.9732075117618194,0.9732075117618194,0.9732075117618194,0.9732075117618194,0.9732075117618194,0.9732075117618194,0.9732075117618194,0.9732075117618194,0.9732075117618194,0.9732075117618194,0.9732075117618194,0.9732075117618194,0.9732075117618194,0.9732075117618194,0.9732075117618194,0.9732075117618194,0.9732075117618194,0.9732075117618194,0.9732075117618194,0.9732075117618194,0.9732075117618194,0.9732075117618194,0.9732075117618194,0.0002585374936155516,0.0002585374936155516,0.0002585374936155516,0.0002585374936155516,0.0,0.0,0.0,0.0,0.0,0.0,0.0,0.0,0.0,0.0,0.0,0.0,0.0,0.0,0.0,0.0,0.0,0.0,0.0,0.0,0.0,0.0,0.0,0.0
11,7086.24000924,1.0,1.0,1.0,1.0,1.0,1.0,1.0,1.0,1.0,1.0,1.0,1.0,1.0,1.0,1.0,1.0,1.0,1.0,1.0,1.0,1.0,1.0,1.0,1.0,0.9412749229693913,0.9412749229693913,0.9412749229693913,0.9412749229693913,0.9412749229693913,0.9412749229693913,0.9412749229693913,0.9412749229693913,0.9412749229693913,0.9412749229693913,0.9412749229693913,0.9412749229693913,0.9412749229693913,0.9412749229693913,0.9412749229693913,0.9412749229693913,0.9394700165615752,0.9394700165615752,0.9394700165615752,0.9394700165615752,0.9394700165615752,0.9394700165615752,0.9394700165615752,0.9394700165615752,0.9394700165615752,0.9394700165615752,0.9394700165615752,0.9394700165615752,0.9394700165615752,0.9394700165615752,0.9394700165615752,0.9394700165615752,0.9394700165615752,0.9394700165615752,0.9394700165615752,0.9394700165615752,0.9394700165615752,0.9394700165615752,0.9394700165615752,0.9394700165615752,0.9394700165615752,0.9394700165615752,0.9394700165615752,0.9394700165615752,0.9394700165615752,0.9394700165615752,0.9394700165615752,0.9394700165615752,0.0,0.0,0.0,0.0,0.0,0.0,0.0,0.0,0.0,0.0,0.0,0.0,0.0,0.0,0.0,0.0,0.0,0.0,0.0,0.0,0.0,0.0,0.0,0.0,0.0,0.0,0.0,0.0
12,7419.359975179999,1.0000000000000002,1.0000000000000002,1.0000000000000002,1.0000000000000002,0.0,0.0,0.0,0.0,0.0,0.0,0.0,0.0,0.0,0.0,0.0,0.0,0.0,0.0,0.0,0.0,0.0,0.0,0.0,0.0,0.0,0.0,0.0,0.0,0.0,0.0,0.0,0.0,0.0,0.0,0.0,0.0,0.0,0.0,0.0,0.0,0.0,0.0,0.0,0.0,0.0,0.0,0.0,0.0,0.0,0.0,0.0,0.0,0.0,0.0,0.0,0.0,0.0,0.0,0.0,0.0,0.0,0.0,0.0,0.0,0.0,0.0,0.0,0.0,0.0,0.0,0.0,0.0,0.0,0.0,0.0,0.0,0.0,0.0,0.0,0.0,0.0,0.0,0.0,0.0,0.0,0.0,0.0,0.0,0.0,0.0,0.0,0.0,0.0,0.0,0.0,0.0,0.0,0.0,0.0,0.0
13,11017.169976706,1.0,1.0,1.0,1.0,0.0,0.0,0.0,0.0,0.0,0.0,0.0,0.0,0.0,0.0,0.0,0.0,0.0,0.0,0.0,0.0,0.0,0.0,0.0,0.0,0.0,0.0,0.0,0.0,0.0,0.0,0.0,0.0,0.0,0.0,0.0,0.0,0.0,0.0,0.0,0.0,0.0,0.0,0.0,0.0,0.0,0.0,0.0,0.0,0.0,0.0,0.0,0.0,0.0,0.0,0.0,0.0,0.0,0.0,0.0,0.0,0.0,0.0,0.0,0.0,0.0,0.0,0.0,0.0,0.0,0.0,0.0,0.0,0.0,0.0,0.0,0.0,0.0,0.0,0.0,0.0,0.0,0.0,0.0,0.0,0.0,0.0,0.0,0.0,0.0,0.0,0.0,0.0,0.0,0.0,0.0,0.0,0.0,0.0,0.0,0.0
14,5800.74998849,1.0,1.0,1.0,1.0,1.0,1.0,1.0,1.0,1.0,1.0,1.0,1.0,1.0,1.0,1.0,1.0,1.0,1.0,1.0,1.0,1.0,1.0,1.0,1.0,1.0,1.0,1.0,1.0,1.0,1.0,1.0,1.0,1.0,1.0,1.0,1.0,1.0,1.0,1.0,1.0,0.9990190923395612,0.9990190923395612,0.9990190923395612,0.9990190923395612,0.9990190923395612,0.9990190923395612,0.9990190923395612,0.9990190923395612,0.9990190923395612,0.9990190923395612,0.9990190923395612,0.9990190923395612,0.9990190923395612,0.9990190923395612,0.9990190923395612,0.9990190923395612,0.9990190923395612,0.9990190923395612,0.9990190923395612,0.9990190923395612,0.9990190923395612,0.9990190923395612,0.9990190923395612,0.9990190923395612,0.9990190923395612,0.9990190923395612,0.9990190923395612,0.9990190923395612,0.9990190923395612,0.9990190923395612,0.9990190923395612,0.9990190923395612,0.002070421966785412,0.002070421966785412,0.002070421966785412,0.002070421966785412,0.0,0.0,0.0,0.0,0.0,0.0,0.0,0.0,0.0,0.0,0.0,0.0,0.0,0.0,0.0,0.0,0.0,0.0,0.0,0.0,0.0,0.0,0.0,0.0
15,26672.94994753,1.0,1.0,1.0,1.0,0.0,0.0,0.0,0.0,0.0,0.0,0.0,0.0,0.0,0.0,0.0,0.0,0.0,0.0,0.0,0.0,0.0,0.0,0.0,0.0,0.0,0.0,0.0,0.0,0.0,0.0,0.0,0.0,0.0,0.0,0.0,0.0,0.0,0.0,0.0,0.0,0.0,0.0,0.0,0.0,0.0,0.0,0.0,0.0,0.0,0.0,0.0,0.0,0.0,0.0,0.0,0.0,0.0,0.0,0.0,0.0,0.0,0.0,0.0,0.0,0.0,0.0,0.0,0.0,0.0,0.0,0.0,0.0,0.0,0.0,0.0,0.0,0.0,0.0,0.0,0.0,0.0,0.0,0.0,0.0,0.0,0.0,0.0,0.0,0.0,0.0,0.0,0.0,0.0,0.0,0.0,0.0,0.0,0.0,0.0,0.0
16,6877.45997609,1.0,1.0,1.0,1.0,1.0,1.0,1.0,1.0,1.0,1.0,1.0,1.0,1.0,1.0,1.0,1.0,1.0,1.0,1.0,1.0,1.0,1.0,1.0,1.0,1.0,1.0,1.0,1.0,0.9914576019192771,0.9914576019192771,0.9914576019192771,0.9914576019192771,0.9914576019192771,0.9914576019192771,0.9914576019192771,0.9914576019192771,0.9914576019192771,0.9914576019192771,0.9914576019192771,0.9914576019192771,0.9914576019192771,0.9914576019192771,0.9914576019192771,0.9914576019192771,0.9914576019192771,0.9914576019192771,0.9914576019192771,0.9914576019192771,0.9914576019192771,0.9914576019192771,0.9914576019192771,0.9914576019192771,0.983076600619322,0.983076600619322,0.983076600619322,0.983076600619322,0.983076600619322,0.983076600619322,0.983076600619322,0.983076600619322,0.983076600619322,0.983076600619322,0.983076600619322,0.983076600619322,0.983076600619322,0.983076600619322,0.983076600619322,0.983076600619322,0.983076600619322,0.983076600619322,0.983076600619322,0.983076600619322,0.014168021222770864,0.014168021222770864,0.014168021222770864,0.014168021222770864,0.014168021222770864,0.014168021222770864,0.014168021222770864,0.014168021222770864,0.014168021222770864,0.014168021222770864,0.014168021222770864,0.014168021222770864,0.014168021222770864,0.014168021222770864,0.014168021222770864,0.014168021222770864,0.014168021222770864,0.014168021222770864,0.014168021222770864,0.0,0.0,0.0,0.0,0.0,0.0,0.0,0.0,0.0
17,5720.689964076,1.0,1.0,1.0,1.0,1.0,1.0,1.0,1.0,1.0,1.0,1.0,1.0,1.0,1.0,1.0,1.0,1.0,1.0,1.0,1.0,1.0,1.0,1.0,1.0,1.0,1.0,1.0,1.0,0.9941248345337609,0.9941248345337609,0.9941248345337609,0.9941248345337609,0.9941248345337609,0.9941248345337609,0.9941248345337609,0.9941248345337609,0.9941248345337609,0.9941248345337609,0.9941248345337609,0.9941248345337609,0.9941248345337609,0.9941248345337609,0.9941248345337609,0.9941248345337609,0.9941248345337609,0.9941248345337609,0.9941248345337609,0.9941248345337609,0.9941248345337609,0.9941248345337609,0.9941248345337609,0.9941248345337609,0.9873808927815825,0.9873808927815825,0.9873808927815825,0.9873808927815825,0.9873808927815825,0.9873808927815825,0.9873808927815825,0.9873808927815825,0.9873808927815825,0.9873808927815825,0.9873808927815825,0.9873808927815825,0.9873808927815825,0.9873808927815825,0.9873808927815825,0.9873808927815825,0.9873808927815825,0.9873808927815825,0.9873808927815825,0.9873808927815825,0.005892646046488735,0.005892646046488735,0.005892646046488735,0.005892646046488735,0.005892646046488735,0.005892646046488735,0.005892646046488735,0.005892646046488735,0.005892646046488735,0.005892646046488735,0.005892646046488735,0.005892646046488735,0.005892646046488735,0.005892646046488735,0.005892646046488735,0.005892646046488735,0.005892646046488735,0.005892646046488735,0.005892646046488735,0.0,0.0,0.0,0.0,0.0,0.0,0.0,0.0,0.0
18,19184.970017086,1.0,1.0,1.0,1.0,0.0,0.0,0.0,0.0,0.0,0.0,0.0,0.0,0.0,0.0,0.0,0.0,0.0,0.0,0.0,0.0,0.0,0.0,0.0,0.0,0.0,0.0,0.0,0.0,0.0,0.0,0.0,0.0,0.0,0.0,0.0,0.0,0.0,0.0,0.0,0.0,0.0,0.0,0.0,0.0,0.0,0.0,0.0,0.0,0.0,0.0,0.0,0.0,0.0,0.0,0.0,0.0,0.0,0.0,0.0,0.0,0.0,0.0,0.0,0.0,0.0,0.0,0.0,0.0,0.0,0.0,0.0,0.0,0.0,0.0,0.0,0.0,0.0,0.0,0.0,0.0,0.0,0.0,0.0,0.0,0.0,0.0,0.0,0.0,0.0,0.0,0.0,0.0,0.0,0.0,0.0,0.0,0.0,0.0,0.0,0.0
19,5058.1299826800005,0.9999999999999998,0.9999999999999998,0.9999999999999998,0.9999999999999998,0.0,0.0,0.0,0.0,0.0,0.0,0.0,0.0,0.0,0.0,0.0,0.0,0.0,0.0,0.0,0.0,0.0,0.0,0.0,0.0,0.0,0.0,0.0,0.0,0.0,0.0,0.0,0.0,0.0,0.0,0.0,0.0,0.0,0.0,0.0,0.0,0.0,0.0,0.0,0.0,0.0,0.0,0.0,0.0,0.0,0.0,0.0,0.0,0.0,0.0,0.0,0.0,0.0,0.0,0.0,0.0,0.0,0.0,0.0,0.0,0.0,0.0,0.0,0.0,0.0,0.0,0.0,0.0,0.0,0.0,0.0,0.0,0.0,0.0,0.0,0.0,0.0,0.0,0.0,0.0,0.0,0.0,0.0,0.0,0.0,0.0,0.0,0.0,0.0,0.0,0.0,0.0,0.0,0.0,0.0,0.0
20,8832.01998162,1.0,1.0,1.0,1.0,0.0,0.0,0.0,0.0,0.0,0.0,0.0,0.0,0.0,0.0,0.0,0.0,0.0,0.0,0.0,0.0,0.0,0.0,0.0,0.0,0.0,0.0,0.0,0.0,0.0,0.0,0.0,0.0,0.0,0.0,0.0,0.0,0.0,0.0,0.0,0.0,0.0,0.0,0.0,0.0,0.0,0.0,0.0,0.0,0.0,0.0,0.0,0.0,0.0,0.0,0.0,0.0,0.0,0.0,0.0,0.0,0.0,0.0,0.0,0.0,0.0,0.0,0.0,0.0,0.0,0.0,0.0,0.0,0.0,0.0,0.0,0.0,0.0,0.0,0.0,0.0,0.0,0.0,0.0,0.0,0.0,0.0,0.0,0.0,0.0,0.0,0.0,0.0,0.0,0.0,0.0,0.0,0.0,0.0,0.0,0.0
21,22763.670023631,1.0,1.0,1.0,1.0,0.0,0.0,0.0,0.0,0.0,0.0,0.0,0.0,0.0,0.0,0.0,0.0,0.0,0.0,0.0,0.0,0.0,0.0,0.0,0.0,0.0,0.0,0.0,0.0,0.0,0.0,0.0,0.0,0.0,0.0,0.0,0.0,0.0,0.0,0.0,0.0,0.0,0.0,0.0,0.0,0.0,0.0,0.0,0.0,0.0,0.0,0.0,0.0,0.0,0.0,0.0,0.0,0.0,0.0,0.0,0.0,0.0,0.0,0.0,0.0,0.0,0.0,0.0,0.0,0.0,0.0,0.0,0.0,0.0,0.0,0.0,0.0,0.0,0.0,0.0,0.0,0.0,0.0,0.0,0.0,0.0,0.0,0.0,0.0,0.0,0.0,0.0,0.0,0.0,0.0,0.0,0.0,0.0,0.0,0.0,0.0
22,11133.989981725,1.0,1.0,1.0,1.0,0.0,0.0,0.0,0.0,0.0,0.0,0.0,0.0,0.0,0.0,0.0,0.0,0.0,0.0,0.0,0.0,0.0,0.0,0.0,0.0,0.0,0.0,0.0,0.0,0.0,0.0,0.0,0.0,0.0,0.0,0.0,0.0,0.0,0.0,0.0,0.0,0.0,0.0,0.0,0.0,0.0,0.0,0.0,0.0,0.0,0.0,0.0,0.0,0.0,0.0,0.0,0.0,0.0,0.0,0.0,0.0,0.0,0.0,0.0,0.0,0.0,0.0,0.0,0.0,0.0,0.0,0.0,0.0,0.0,0.0,0.0,0.0,0.0,0.0,0.0,0.0,0.0,0.0,0.0,0.0,0.0,0.0,0.0,0.0,0.0,0.0,0.0,0.0,0.0,0.0,0.0,0.0,0.0,0.0,0.0,0.0
23,4948.300027081,1.0,1.0,1.0,1.0,1.0,1.0,1.0,1.0,1.0,1.0,1.0,1.0,1.0,1.0,1.0,1.0,1.0,1.0,1.0,1.0,1.0,1.0,1.0,1.0,0.9566194453175412,0.9566194453175412,0.9566194453175412,0.9566194453175412,0.9566194453175412,0.9566194453175412,0.9566194453175412,0.9566194453175412,0.9566194453175412,0.9566194453175412,0.9566194453175412,0.9566194453175412,0.9566194453175412,0.9566194453175412,0.9566194453175412,0.9566194453175412,0.9503728556542556,0.9503728556542556,0.9503728556542556,0.9503728556542556,0.9503728556542556,0.9503728556542556,0.9503728556542556,0.9503728556542556,0.9503728556542556,0.9503728556542556,0.9503728556542556,0.9503728556542556,0.9503728556542556,0.9503728556542556,0.9503728556542556,0.9503728556542556,0.9503728556542556,0.9503728556542556,0.9503728556542556,0.9503728556542556,0.9503728556542556,0.9503728556542556,0.9503728556542556,0.9503728556542556,0.9503728556542556,0.9503728556542556,0.9503728556542556,0.9503728556542556,0.9503728556542556,0.9503728556542556,0.9503728556542556,0.9503728556542556,0.0002020896054255424,0.0002020896054255424,0.0002020896054255424,0.0002020896054255424,0.0,0.0,0.0,0.0,0.0,0.0,0.0,0.0,0.0,0.0,0.0,0.0,0.0,0.0,0.0,0.0,0.0,0.0,0.0,0.0,0.0,0.0,0.0,0.0
24,2660.8599911300003,0.9999999999999998,0.9999999999999998,0.9999999999999998,0.9999999999999998,0.9999999999999998,0.9999999999999998,0.9999999999999998,0.9999999999999998,0.9999999999999998,0.9999999999999998,0.9999999999999998,0.9999999999999998,0.9999999999999998,0.9999999999999998,0.9999999999999998,0.9999999999999998,0.9999999999999998,0.9999999999999998,0.9999999999999998,0.9999999999999998,0.9999999999999998,0.9999999999999998,0.9999999999999998,0.9999999999999998,0.9981209082715107,0.9981209082715107,0.9981209082715107,0.9981209082715107,0.9981209082715107,0.9981209082715107,0.9981209082715107,0.9981209082715107,0.9981209082715107,0.9981209082715107,0.9981209082715107,0.9981209082715107,0.9981209082715107,0.9981209082715107,0.9981209082715107,0.9981209082715107,0.9662214463445592,0.9662214463445592,0.9662214463445592,0.9662214463445592,0.9662214463445592,0.9662214463445592,0.9662214463445592,0.9662214463445592,0.9662214463445592,0.9662214463445592,0.9662214463445592,0.9662214463445592,0.9662214463445592,0.9662214463445592,0.9662214463445592,0.9662214463445592,0.9662214463445592,0.9662214463445592,0.9662214463445592,0.9662214463445592,0.9662214463445592,0.9662214463445592,0.9662214463445592,0.9662214463445592,0.9662214463445592,0.9662214463445592,0.9662214463445592,0.9662214463445592,0.9662214463445592,0.9662214463445592,0.9662214463445592,0.9662214463445592,0.0,0.0,0.0,0.0,0.0,0.0,0.0,0.0,0.0,0.0,0.0,0.0,0.0,0.0,0.0,0.0,0.0,0.0,0.0,0.0,0.0,0.0,0.0,0.0,0.0,0.0,0.0,0.0
25,11192.669957451,1.0,1.0,1.0,1.0,1.0,1.0,1.0,1.0,1.0,1.0,1.0,1.0,1.0,1.0,1.0,1.0,1.0,1.0,1.0,1.0,1.0,1.0,1.0,1.0,0.8895848803602667,0.8895848803602667,0.8895848803602667,0.8895848803602667,0.8895848803602667,0.8895848803602667,0.8895848803602667,0.8895848803602667,0.8895848803602667,0.8895848803602667,0.8895848803602667,0.8895848803602667,0.8895848803602667,0.8895848803602667,0.8895848803602667,0.8895848803602667,0.8571681287469967,0.8571681287469967,0.8571681287469967,0.8571681287469967,0.8571681287469967,0.8571681287469967,0.8571681287469967,0.8571681287469967,0.8571681287469967,0.8571681287469967,0.8571681287469967,0.8571681287469967,0.8571681287469967,0.8571681287469967,0.8571681287469967,0.8571681287469967,0.8571681287469967,0.8571681287469967,0.8571681287469967,0.8571681287469967,0.8571681287469967,0.8571681287469967,0.8571681287469967,0.8571681287469967,0.8571681287469967,0.8571681287469967,0.8571681287469967,0.8571681287469967,0.8571681287469967,0.8571681287469967,0.8571681287469967,0.8571681287469967,0.00044672093602398077,0.00044672093602398077,0.00044672093602398077,0.00044672093602398077,0.0,0.0,0.0,0.0,0.0,0.0,0.0,0.0,0.0,0.0,0.0,0.0,0.0,0.0,0.0,0.0,0.0,0.0,0.0,0.0,0.0,0.0,0.0,0.0
26,89340.489933641,1.0,1.0,1.0,1.0,0.0,0.0,0.0,0.0,0.0,0.0,0.0,0.0,0.0,0.0,0.0,0.0,0.0,0.0,0.0,0.0,0.0,0.0,0.0,0.0,0.0,0.0,0.0,0.0,0.0,0.0,0.0,0.0,0.0,0.0,0.0,0.0,0.0,0.0,0.0,0.0,0.0,0.0,0.0,0.0,0.0,0.0,0.0,0.0,0.0,0.0,0.0,0.0,0.0,0.0,0.0,0.0,0.0,0.0,0.0,0.0,0.0,0.0,0.0,0.0,0.0,0.0,0.0,0.0,0.0,0.0,0.0,0.0,0.0,0.0,0.0,0.0,0.0,0.0,0.0,0.0,0.0,0.0,0.0,0.0,0.0,0.0,0.0,0.0,0.0,0.0,0.0,0.0,0.0,0.0,0.0,0.0,0.0,0.0,0.0,0.0
27,236893.8400284408,1.0000000000000007,1.0000000000000007,1.0000000000000007,1.0000000000000007,1.0000000000000007,1.0000000000000007,1.0000000000000007,1.0000000000000007,1.0000000000000007,1.0000000000000007,1.0000000000000007,1.0000000000000007,1.0000000000000007,1.0000000000000007,1.0000000000000007,1.0000000000000007,1.0000000000000007,1.0000000000000007,1.0000000000000007,1.0000000000000007,1.0000000000000007,1.0000000000000007,1.0000000000000007,0.9751896038829874,0.9751896038829874,0.9751896038829874,0.9751896038829874,0.9751896038829874,0.9751896038829874,0.9751896038829874,0.9751896038829874,0.9751896038829874,0.9751896038829874,0.9751896038829874,0.9751896038829874,0.9751896038829874,0.9751896038829874,0.9751896038829874,0.9751896038829874,0.9751896038829874,0.9751896038829874,0.9751896038829874,0.9751896038829874,0.9625942573406215,0.9625942573406215,0.9625942573406215,0.9625942573406215,0.9625942573406215,0.9625942573406215,0.9625942573406215,0.9625942573406215,0.9625942573406215,0.9625942573406215,0.9625942573406215,0.9625942573406215,0.9625942573406215,0.9625942573406215,0.9625942573406215,0.9625942573406215,0.9625942573406215,0.9625942573406215,0.9625942573406215,0.9625942573406215,0.9625942573406215,0.9625942573406215,0.9625942573406215,0.9625942573406215,0.9625942573406215,0.9625942573406215,0.9625942573406215,0.9625942573406215,0.9625942573406215,0.00930560299025216,0.00930560299025216,0.00930560299025216,0.00930560299025216,0.00930560299025216,0.00930560299025216,0.00930560299025216,0.00930560299025216,0.00930560299025216,0.00930560299025216,0.00930560299025216,0.00930560299025216,0.00930560299025216,0.00930560299025216,0.00930560299025216,0.00930560299025216,0.00930560299025216,0.00930560299025216,0.00930560299025216,0.00930560299025216,0.00930560299025216,0.00930560299025216,0.00930560299025216,0.00930560299025216,0.00930560299025216,0.00930560299025216,0.00930560299025216,0.00930560299025216
28,62626.7500062866,1.0,1.0,1.0,1.0,1.0,1.0,1.0,1.0,1.0,1.0,1.0,1.0,1.0,1.0,1.0,1.0,1.0,1.0,1.0,1.0,1.0,1.0,1.0,1.0,1.0,0.9823923484551361,0.9823923484551361,0.9823923484551361,0.9823923484551361,0.9823923484551361,0.9823923484551361,0.9823923484551361,0.9823923484551361,0.9823923484551361,0.9823923484551361,0.9823923484551361,0.9823923484551361,0.9823923484551361,0.9823923484551361,0.9823923484551361,0.9823923484551361,0.9823923484551361,0.9823923484551361,0.9823923484551361,0.9723234880715826,0.9723234880715826,0.9723234880715826,0.9723234880715826,0.9723234880715826,0.9723234880715826,0.9723234880715826,0.9723234880715826,0.9723234880715826,0.9723234880715826,0.9723234880715826,0.9723234880715826,0.9723234880715826,0.9723234880715826,0.9723234880715826,0.9723234880715826,0.9723234880715826,0.9723234880715826,0.9723234880715826,0.9723234880715826,0.9723234880715826,0.9723234880715826,0.9723234880715826,0.9723234880715826,0.9723234880715826,0.9723234880715826,0.9723234880715826,0.9723234880715826,0.003072808318820427,0.003072808318820427,0.003072808318820427,0.003072808318820427,0.003072808318820427,0.003072808318820427,0.003072808318820427,0.003072808318820427,0.003072808318820427,0.003072808318820427,0.003072808318820427,0.003072808318820427,0.0,0.0,0.0,0.0,0.0,0.0,0.0,0.0,0.0,0.0,0.0,0.0,0.0,0.0,0.0,0.0
29,124860.7499837838,1.0000000000000016,1.0000000000000016,1.0000000000000016,1.0000000000000016,1.0000000000000016,1.0000000000000016,1.0000000000000016,1.0000000000000016,1.0000000000000016,1.0000000000000016,1.0000000000000016,1.0000000000000016,1.0000000000000016,1.0000000000000016,1.0000000000000016,1.0000000000000016,1.0000000000000016,1.0000000000000016,1.0000000000000016,1.0000000000000016,1.0000000000000016,1.0000000000000016,1.0000000000000016,1.0000000000000016,0.9806940932470622,0.9806940932470622,0.9806940932470622,0.9806940932470622,0.9806940932470622,0.9806940932470622,0.9806940932470622,0.9806940932470622,0.9806940932470622,0.9806940932470622,0.9806940932470622,0.9806940932470622,0.9806940932470622,0.9806940932470622,0.9806940932470622,0.9806940932470622,0.9806940932470622,0.9806940932470622,0.969242456097488,0.969242456097488,0.969242456097488,0.969242456097488,0.969242456097488,0.969242456097488,0.969242456097488,0.969242456097488,0.969242456097488,0.969242456097488,0.969242456097488,0.969242456097488,0.969242456097488,0.969242456097488,0.969242456097488,0.969242456097488,0.969242456097488,0.969242456097488,0.969242456097488,0.969242456097488,0.969242456097488,0.969242456097488,0.969242456097488,0.969242456097488,0.969242456097488,0.969242456097488,0.969242456097488,0.969242456097488,0.969242456097488,0.969242456097488,0.004722941343829634,0.004722941343829634,0.0,0.0,0.0,0.0,0.0,0.0,0.0,0.0,0.0,0.0,0.0,0.0,0.0,0.0,0.0,0.0,0.0,0.0,0.0,0.0,0.0,0.0,0.0,0.0,0.0,0.0
30,2778.359998026,1.0,1.0,1.0,1.0,1.0,1.0,1.0,1.0,1.0,1.0,1.0,1.0,1.0,1.0,1.0,1.0,1.0,1.0,1.0,1.0,1.0,1.0,1.0,1.0,1.0,1.0,1.0,1.0,0.948523590556798,0.948523590556798,0.948523590556798,0.948523590556798,0.948523590556798,0.948523590556798,0.948523590556798,0.948523590556798,0.948523590556798,0.948523590556798,0.948523590556798,0.948523590556798,0.948523590556798,0.948523590556798,0.948523590556798,0.948523590556798,0.948523590556798,0.948523590556798,0.948523590556798,0.948523590556798,0.948523590556798,0.948523590556798,0.948523590556798,0.948523590556798,0.9109078739778617,0.9109078739778617,0.9109078739778617,0.9109078739778617,0.9109078739778617,0.9109078739778617,0.9109078739778617,0.9109078739778617,0.9109078739778617,0.9109078739778617,0.9109078739778617,0.9109078739778617,0.9109078739778617,0.9109078739778617,0.9109078739778617,0.9109078739778617,0.9109078739778617,0.9109078739778617,0.9109078739778617,0.9109078739778617,0.0019507911155683495,0.0019507911155683495,0.0019507911155683495,0.0019507911155683495,0.0019507911155683495,0.0019507911155683495,0.0019507911155683495,0.0019507911155683495,0.0019507911155683495,0.0019507911155683495,0.0019507911155683495,0.0019507911155683495,0.0019507911155683495,0.0019507911155683495,0.0019507911155683495,0.0019507911155683495,0.0019507911155683495,0.0019507911155683495,0.0019507911155683495,0.0,0.0,0.0,0.0,0.0,0.0,0.0,0.0,0.0
31,4117.899998758,1.0,1.0,1.0,1.0,1.0,1.0,1.0,1.0,1.0,1.0,1.0,1.0,1.0,1.0,1.0,1.0,1.0,1.0,1.0,1.0,1.0,1.0,1.0,1.0,1.0,1.0,1.0,1.0,0.9780130649050954,0.9780130649050954,0.9780130649050954,0.9780130649050954,0.9780130649050954,0.9780130649050954,0.9780130649050954,0.9780130649050954,0.9780130649050954,0.9780130649050954,0.9780130649050954,0.9780130649050954,0.9780130649050954,0.9780130649050954,0.9780130649050954,0.9780130649050954,0.9780130649050954,0.9780130649050954,0.9780130649050954,0.9780130649050954,0.9780130649050954,0.9780130649050954,0.9780130649050954,0.9780130649050954,0.9723184147176036,0.9723184147176036,0.9723184147176036,0.9723184147176036,0.9723184147176036,0.9723184147176036,0.9723184147176036,0.9723184147176036,0.9723184147176036,0.9723184147176036,0.9723184147176036,0.9723184147176036,0.9723184147176036,0.9723184147176036,0.9723184147176036,0.9723184147176036,0.9723184147176036,0.9723184147176036,0.9723184147176036,0.9723184147176036,0.0012676364218593087,0.0012676364218593087,0.0012676364218593087,0.0012676364218593087,0.0012676364218593087,0.0012676364218593087,0.0012676364218593087,0.0012676364218593087,0.0012676364218593087,0.0012676364218593087,0.0012676364218593087,0.0012676364218593087,0.0012676364218593087,0.0012676364218593087,0.0012676364218593087,0.0012676364218593087,0.0012676364218593087,0.0012676364218593087,0.0012676364218593087,0.0,0.0,0.0,0.0,0.0,0.0,0.0,0.0,0.0
32,22709.459989222,1.0,1.0,1.0,1.0,1.0,1.0,1.0,1.0,1.0,1.0,1.0,1.0,1.0,1.0,1.0,1.0,1.0,1.0,1.0,1.0,1.0,1.0,1.0,1.0,1.0,1.0,1.0,1.0,0.9713771265649427,0.9713771265649427,0.9713771265649427,0.9713771265649427,0.9713771265649427,0.9713771265649427,0.9713771265649427,0.9713771265649427,0.9713771265649427,0.9713771265649427,0.9713771265649427,0.9713771265649427,0.9713771265649427,0.9713771265649427,0.9713771265649427,0.9713771265649427,0.9713771265649427,0.9713771265649427,0.9713771265649427,0.9713771265649427,0.9713771265649427,0.9713771265649427,0.9713771265649427,0.9713771265649427,0.9513991090292847,0.9513991090292847,0.9513991090292847,0.9513991090292847,0.9513991090292847,0.9513991090292847,0.9513991090292847,0.9513991090292847,0.9513991090292847,0.9513991090292847,0.9513991090292847,0.9513991090292847,0.9513991090292847,0.9513991090292847,0.9513991090292847,0.9513991090292847,0.9513991090292847,0.9513991090292847,0.9513991090292847,0.9513991090292847,0.0036218386667511097,0.0036218386667511097,0.0036218386667511097,0.0036218386667511097,0.0036218386667511097,0.0036218386667511097,0.0036218386667511097,0.0036218386667511097,0.0036218386667511097,0.0036218386667511097,0.0036218386667511097,0.0036218386667511097,0.0036218386667511097,0.0036218386667511097,0.0036218386667511097,0.0036218386667511097,0.0036218386667511097,0.0036218386667511097,0.0036218386667511097,0.0,0.0,0.0,0.0,0.0,0.0,0.0,0.0,0.0
33,36668.819962338996,1.0000000000000002,1.0000000000000002,1.0000000000000002,1.0000000000000002,1.0000000000000002,1.0000000000000002,1.0000000000000002,1.0000000000000002,1.0000000000000002,1.0000000000000002,1.0000000000000002,1.0000000000000002,1.0000000000000002,1.0000000000000002,1.0000000000000002,1.0000000000000002,1.0000000000000002,1.0000000000000002,1.0000000000000002,1.0000000000000002,1.0000000000000002,1.0000000000000002,1.0000000000000002,1.0000000000000002,0.9858364681199612,0.9858364681199612,0.9858364681199612,0.9858364681199612,0.9858364681199612,0.9858364681199612,0.9858364681199612,0.9858364681199612,0.9858364681199612,0.9858364681199612,0.9858364681199612,0.9858364681199612,0.9858364681199612,0.9858364681199612,0.9858364681199612,0.9858364681199612,0.9768994474815392,0.9768994474815392,0.9768994474815392,0.9768994474815392,0.9768994474815392,0.9768994474815392,0.9768994474815392,0.9768994474815392,0.9768994474815392,0.9768994474815392,0.9768994474815392,0.9768994474815392,0.9768994474815392,0.9768994474815392,0.9768994474815392,0.9768994474815392,0.9768994474815392,0.9768994474815392,0.9768994474815392,0.9768994474815392,0.9768994474815392,0.9768994474815392,0.9768994474815392,0.9768994474815392,0.9768994474815392,0.9768994474815392,0.9768994474815392,0.9768994474815392,0.9768994474815392,0.9768994474815392,0.9768994474815392,0.9768994474815392,0.004882076927314891,0.004882076927314891,0.004882076927314891,0.004882076927314891,0.0,0.0,0.0,0.0,0.0,0.0,0.0,0.0,0.0,0.0,0.0,0.0,0.0,0.0,0.0,0.0,0.0,0.0,0.0,0.0,0.0,0.0,0.0,0.0
34,27844.859994086004,0.9999999999999999,0.9999999999999999,0.9999999999999999,0.9999999999999999,0.9999999999999999,0.9999999999999999,0.9999999999999999,0.9999999999999999,0.9999999999999999,0.9999999999999999,0.9999999999999999,0.9999999999999999,0.9999999999999999,0.9999999999999999,0.9999999999999999,0.9999999999999999,0.9999999999999999,0.9999999999999999,0.9999999999999999,0.9999999999999999,0.9999999999999999,0.9999999999999999,0.9999999999999999,0.9999999999999999,0.9845993120395978,0.9845993120395978,0.9845993120395978,0.9845993120395978,0.9845993120395978,0.9845993120395978,0.9845993120395978,0.9845993120395978,0.9845993120395978,0.9845993120395978,0.9845993120395978,0.9845993120395978,0.9845993120395978,0.9845993120395978,0.9845993120395978,0.9845993120395978,0.971861593130782,0.971861593130782,0.971861593130782,0.971861593130782,0.971861593130782,0.971861593130782,0.971861593130782,0.971861593130782,0.971861593130782,0.971861593130782,0.971861593130782,0.971861593130782,0.971861593130782,0.971861593130782,0.971861593130782,0.971861593130782,0.971861593130782,0.971861593130782,0.971861593130782,0.971861593130782,0.971861593130782,0.971861593130782,0.971861593130782,0.971861593130782,0.971861593130782,0.971861593130782,0.971861593130782,0.971861593130782,0.971861593130782,0.971861593130782,0.971861593130782,0.971861593130782,0.004553084488660673,0.004553084488660673,0.004553084488660673,0.004553084488660673,0.0,0.0,0.0,0.0,0.0,0.0,0.0,0.0,0.0,0.0,0.0,0.0,0.0,0.0,0.0,0.0,0.0,0.0,0.0,0.0,0.0,0.0,0.0,0.0
35,68655.650022831,1.0,1.0,1.0,1.0,1.0,1.0,1.0,1.0,1.0,1.0,1.0,1.0,1.0,1.0,1.0,1.0,1.0,1.0,1.0,1.0,1.0,1.0,1.0,1.0,0.9773836530355091,0.9773836530355091,0.9773836530355091,0.9773836530355091,0.9773836530355091,0.9773836530355091,0.9773836530355091,0.9773836530355091,0.9773836530355091,0.9773836530355091,0.9773836530355091,0.9773836530355091,0.9773836530355091,0.9773836530355091,0.9773836530355091,0.9773836530355091,0.9639623250135098,0.9639623250135098,0.9639623250135098,0.9639623250135098,0.9639623250135098,0.9639623250135098,0.9639623250135098,0.9639623250135098,0.9639623250135098,0.9639623250135098,0.9639623250135098,0.9639623250135098,0.9639623250135098,0.9639623250135098,0.9639623250135098,0.9639623250135098,0.9639623250135098,0.9639623250135098,0.9639623250135098,0.9639623250135098,0.9639623250135098,0.9639623250135098,0.9639623250135098,0.9639623250135098,0.9639623250135098,0.9639623250135098,0.9639623250135098,0.9639623250135098,0.9639623250135098,0.9639623250135098,0.9639623250135098,0.9639623250135098,0.007473383530552421,0.007473383530552421,0.007473383530552421,0.007473383530552421,0.0,0.0,0.0,0.0,0.0,0.0,0.0,0.0,0.0,0.0,0.0,0.0,0.0,0.0,0.0,0.0,0.0,0.0,0.0,0.0,0.0,0.0,0.0,0.0
36,3192.699993479,1.0,1.0,1.0,1.0,1.0,1.0,1.0,1.0,1.0,1.0,1.0,1.0,1.0,1.0,1.0,1.0,1.0,1.0,1.0,1.0,1.0,1.0,1.0,1.0,0.9311241270745327,0.9311241270745327,0.9311241270745327,0.9311241270745327,0.9311241270745327,0.9311241270745327,0.9311241270745327,0.9311241270745327,0.9311241270745327,0.9311241270745327,0.9311241270745327,0.9311241270745327,0.9311241270745327,0.9311241270745327,0.9311241270745327,0.9311241270745327,0.928358442883085,0.928358442883085,0.928358442883085,0.928358442883085,0.928358442883085,0.928358442883085,0.928358442883085,0.928358442883085,0.928358442883085,0.928358442883085,0.928358442883085,0.928358442883085,0.928358442883085,0.928358442883085,0.928358442883085,0.928358442883085,0.928358442883085,0.928358442883085,0.928358442883085,0.928358442883085,0.928358442883085,0.928358442883085,0.928358442883085,0.928358442883085,0.928358442883085,0.928358442883085,0.928358442883085,0.928358442883085,0.928358442883085,0.928358442883085,0.928358442883085,0.928358442883085,0.0015660726063246825,0.0015660726063246825,0.0015660726063246825,0.0015660726063246825,0.0,0.0,0.0,0.0,0.0,0.0,0.0,0.0,0.0,0.0,0.0,0.0,0.0,0.0,0.0,0.0,0.0,0.0,0.0,0.0,0.0,0.0,0.0,0.0
37,19062.040004145,1.0,1.0,1.0,1.0,1.0,1.0,1.0,1.0,1.0,1.0,1.0,1.0,1.0,1.0,1.0,1.0,1.0,1.0,1.0,1.0,1.0,1.0,1.0,1.0,0.974470203506331,0.974470203506331,0.974470203506331,0.974470203506331,0.974470203506331,0.974470203506331,0.974470203506331,0.974470203506331,0.974470203506331,0.974470203506331,0.974470203506331,0.974470203506331,0.974470203506331,0.974470203506331,0.974470203506331,0.974470203506331,0.9622060386992501,0.9622060386992501,0.9622060386992501,0.9622060386992501,0.9622060386992501,0.9622060386992501,0.9622060386992501,0.9622060386992501,0.9622060386992501,0.9622060386992501,0.9622060386992501,0.9622060386992501,0.9622060386992501,0.9622060386992501,0.9622060386992501,0.9622060386992501,0.9622060386992501,0.9622060386992501,0.9622060386992501,0.9622060386992501,0.9622060386992501,0.9622060386992501,0.9622060386992501,0.9622060386992501,0.9622060386992501,0.9622060386992501,0.9622060386992501,0.9622060386992501,0.9622060386992501,0.9622060386992501,0.9622060386992501,0.9622060386992501,0.007570543346285085,0.007570543346285085,0.007570543346285085,0.007570543346285085,0.0,0.0,0.0,0.0,0.0,0.0,0.0,0.0,0.0,0.0,0.0,0.0,0.0,0.0,0.0,0.0,0.0,0.0,0.0,0.0,0.0,0.0,0.0,0.0
38,78888.42999435999,1.0000000000000002,1.0000000000000002,1.0000000000000002,1.0000000000000002,1.0000000000000002,1.0000000000000002,1.0000000000000002,1.0000000000000002,1.0000000000000002,1.0000000000000002,1.0000000000000002,1.0000000000000002,1.0000000000000002,1.0000000000000002,1.0000000000000002,1.0000000000000002,1.0000000000000002,1.0000000000000002,1.0000000000000002,1.0000000000000002,1.0000000000000002,1.0000000000000002,1.0000000000000002,1.0000000000000002,0.9785568052238975,0.9785568052238975,0.9785568052238975,0.9785568052238975,0.9785568052238975,0.9785568052238975,0.9785568052238975,0.9785568052238975,0.9785568052238975,0.9785568052238975,0.9785568052238975,0.9785568052238975,0.9785568052238975,0.9785568052238975,0.9785568052238975,0.9785568052238975,0.9562629150755737,0.9562629150755737,0.9562629150755737,0.9562629150755737,0.9562629150755737,0.9562629150755737,0.9562629150755737,0.9562629150755737,0.9562629150755737,0.9562629150755737,0.9562629150755737,0.9562629150755737,0.9562629150755737,0.9562629150755737,0.9562629150755737,0.9562629150755737,0.9562629150755737,0.9562629150755737,0.9562629150755737,0.9562629150755737,0.9562629150755737,0.9562629150755737,0.9562629150755737,0.9562629150755737,0.9562629150755737,0.9562629150755737,0.9562629150755737,0.9562629150755737,0.9562629150755737,0.9562629150755737,0.9562629150755737,0.9562629150755737,0.005129142514547918,0.005129142514547918,0.005129142514547918,0.005129142514547918,0.0,0.0,0.0,0.0,0.0,0.0,0.0,0.0,0.0,0.0,0.0,0.0,0.0,0.0,0.0,0.0,0.0,0.0,0.0,0.0,0.0,0.0,0.0,0.0
39,0.0,0.0,0.0,0.0,0.0,0.0,0.0,0.0,0.0,0.0,0.0,0.0,0.0,0.0,0.0,0.0,0.0,0.0,0.0,0.0,0.0,0.0,0.0,0.0,0.0,0.0,0.0,0.0,0.0,0.0,0.0,0.0,0.0,0.0,0.0,0.0,0.0,0.0,0.0,0.0,0.0,0.0,0.0,0.0,0.0,0.0,0.0,0.0,0.0,0.0,0.0,0.0,0.0,0.0,0.0,0.0,0.0,0.0,0.0,0.0,0.0,0.0,0.0,0.0,0.0,0.0,0.0,0.0,0.0,0.0,0.0,0.0,0.0,0.0,0.0,0.0,0.0,0.0,0.0,0.0,0.0,0.0,0.0,0.0,0.0,0.0,0.0,0.0,0.0,0.0,0.0,0.0,0.0,0.0,0.0,0.0,0.0,0.0,0.0,0.0,0.0
40,8155.319995293999,1.0000000000000002,1.0000000000000002,1.0000000000000002,1.0000000000000002,1.0000000000000002,1.0000000000000002,1.0000000000000002,1.0000000000000002,1.0000000000000002,1.0000000000000002,1.0000000000000002,1.0000000000000002,1.0000000000000002,1.0000000000000002,1.0000000000000002,1.0000000000000002,1.0000000000000002,1.0000000000000002,1.0000000000000002,1.0000000000000002,1.0000000000000002,1.0000000000000002,1.0000000000000002,1.0000000000000002,0.9734394237742978,0.9734394237742978,0.9734394237742978,0.9734394237742978,0.9734394237742978,0.9734394237742978,0.9734394237742978,0.9734394237742978,0.9734394237742978,0.9734394237742978,0.9734394237742978,0.9734394237742978,0.9734394237742978,0.9734394237742978,0.9734394237742978,0.9734394237742978,0.9586404949095023,0.9586404949095023,0.9586404949095023,0.9586404949095023,0.9586404949095023,0.9586404949095023,0.9586404949095023,0.9586404949095023,0.9586404949095023,0.9586404949095023,0.9586404949095023,0.9586404949095023,0.9586404949095023,0.9586404949095023,0.9586404949095023,0.9586404949095023,0.9586404949095023,0.9586404949095023,0.9586404949095023,0.9586404949095023,0.9586404949095023,0.9586404949095023,0.9586404949095023,0.9586404949095023,0.9586404949095023,0.9586404949095023,0.9586404949095023,0.9586404949095023,0.9586404949095023,0.9586404949095023,0.9586404949095023,0.9586404949095023,0.011738350016337834,0.011738350016337834,0.011738350016337834,0.011738350016337834,0.0,0.0,0.0,0.0,0.0,0.0,0.0,0.0,0.0,0.0,0.0,0.0,0.0,0.0,0.0,0.0,0.0,0.0,0.0,0.0,0.0,0.0,0.0,0.0
41,54779.53005094,1.0,1.0,1.0,1.0,1.0,1.0,1.0,1.0,1.0,1.0,1.0,1.0,1.0,1.0,1.0,1.0,1.0,1.0,1.0,1.0,1.0,1.0,1.0,1.0,1.0,1.0,1.0,1.0,1.0,1.0,1.0,1.0,1.0,0.9747699551132551,0.9747699551132551,0.9747699551132551,0.9747699551132551,0.9747699551132551,0.9747699551132551,0.9747699551132551,0.9747699551132551,0.9747699551132551,0.9747699551132551,0.9747699551132551,0.9747699551132551,0.9747699551132551,0.9747699551132551,0.9747699551132551,0.9747699551132551,0.9747699551132551,0.957288425017077,0.957288425017077,0.957288425017077,0.957288425017077,0.957288425017077,0.957288425017077,0.957288425017077,0.957288425017077,0.957288425017077,0.957288425017077,0.957288425017077,0.957288425017077,0.957288425017077,0.957288425017077,0.957288425017077,0.957288425017077,0.957288425017077,0.957288425017077,0.957288425017077,0.957288425017077,0.957288425017077,0.957288425017077,0.957288425017077,0.957288425017077,0.957288425017077,0.957288425017077,0.957288425017077,0.957288425017077,0.01145884244874456,0.01145884244874456,0.0,0.0,0.0,0.0,0.0,0.0,0.0,0.0,0.0,0.0,0.0,0.0,0.0,0.0,0.0,0.0,0.0,0.0,0.0,0.0
42,14564.6699942266,1.0,1.0,1.0,1.0,1.0,1.0,1.0,1.0,1.0,1.0,1.0,1.0,1.0,1.0,1.0,1.0,1.0,1.0,1.0,1.0,1.0,1.0,1.0,1.0,1.0,1.0,1.0,1.0,0.9807795165231367,0.9807795165231367,0.9807795165231367,0.9807795165231367,0.9807795165231367,0.9807795165231367,0.9807795165231367,0.9807795165231367,0.9807795165231367,0.9807795165231367,0.9807795165231367,0.9807795165231367,0.9807795165231367,0.9807795165231367,0.9807795165231367,0.9807795165231367,0.9807795165231367,0.9807795165231367,0.9807795165231367,0.9807795165231367,0.9807795165231367,0.9807795165231367,0.9807795165231367,0.9807795165231367,0.9564734388172683,0.9564734388172683,0.9564734388172683,0.9564734388172683,0.9564734388172683,0.9564734388172683,0.9564734388172683,0.9564734388172683,0.9564734388172683,0.9564734388172683,0.9564734388172683,0.9564734388172683,0.9564734388172683,0.9564734388172683,0.9564734388172683,0.9564734388172683,0.9564734388172683,0.9564734388172683,0.9564734388172683,0.9564734388172683,0.008560441178510956,0.008560441178510956,0.008560441178510956,0.008560441178510956,0.008560441178510956,0.008560441178510956,0.008560441178510956,0.008560441178510956,0.008560441178510956,0.008560441178510956,0.008560441178510956,0.008560441178510956,0.008560441178510956,0.008560441178510956,0.008560441178510956,0.008560441178510956,0.008560441178510956,0.008560441178510956,0.008560441178510956,0.0,0.0,0.0,0.0,0.0,0.0,0.0,0.0,0.0
43,36536.710024522996,1.0000000000000002,1.0000000000000002,1.0000000000000002,1.0000000000000002,1.0000000000000002,1.0000000000000002,1.0000000000000002,1.0000000000000002,1.0000000000000002,1.0000000000000002,1.0000000000000002,1.0000000000000002,0.9838006761218584,0.9838006761218584,0.9838006761218584,0.9838006761218584,0.9838006761218584,0.9838006761218584,0.9838006761218584,0.9838006761218584,0.9838006761218584,0.9838006761218584,0.9838006761218584,0.9838006761218584,0.9699483068239578,0.9699483068239578,0.9699483068239578,0.9699483068239578,0.9699483068239578,0.9699483068239578,0.9699483068239578,0.9699483068239578,0.9699483068239578,0.9699483068239578,0.9699483068239578,0.9699483068239578,0.9699483068239578,0.9699483068239578,0.9699483068239578,0.9699483068239578,0.9699483068239578,0.9699483068239578,0.9699483068239578,0.9699483068239578,0.9699483068239578,0.9699483068239578,0.9699483068239578,0.9699483068239578,0.9699483068239578,0.9699483068239578,0.9699483068239578,0.9699483068239578,0.9699483068239578,0.9699483068239578,0.9699483068239578,0.9699483068239578,0.9699483068239578,0.9699483068239578,0.9699483068239578,0.9699483068239578,0.9699483068239578,0.9699483068239578,0.9699483068239578,0.9699483068239578,0.9699483068239578,0.9699483068239578,0.9699483068239578,0.9699483068239578,0.9699483068239578,0.9699483068239578,0.9699483068239578,0.9699483068239578,0.0,0.0,0.0,0.0,0.0,0.0,0.0,0.0,0.0,0.0,0.0,0.0,0.0,0.0,0.0,0.0,0.0,0.0,0.0,0.0,0.0,0.0,0.0,0.0,0.0,0.0,0.0,0.0
