n_sector,addetti_ul,1,2,3,4,5,6,7,8,9,10,11,12,13,14,15,16,17,18,19,20,21,22,23,24,25,26,27,28,29,30,31,32,33,34,35,36,37,38,39,40,41,42,43,44,45,46,47,48,49,50,51,52,53,54,55,56,57,58,59,60,61,62,63,64,65,66,67,68,69,70,71,72,73,74,75,76,77,78,79,80,81,82,83,84,85,86,87,88,89,90,91,92,93,94,95,96,97,98,99,100
3,0.0,0.0,0.0,0.0,0.0,0.0,0.0,0.0,0.0,0.0,0.0,0.0,0.0,0.0,0.0,0.0,0.0,0.0,0.0,0.0,0.0,0.0,0.0,0.0,0.0,0.0,0.0,0.0,0.0,0.0,0.0,0.0,0.0,0.0,0.0,0.0,0.0,0.0,0.0,0.0,0.0,0.0,0.0,0.0,0.0,0.0,0.0,0.0,0.0,0.0,0.0,0.0,0.0,0.0,0.0,0.0,0.0,0.0,0.0,0.0,0.0,0.0,0.0,0.0,0.0,0.0,0.0,0.0,0.0,0.0,0.0,0.0,0.0,0.0,0.0,0.0,0.0,0.0,0.0,0.0,0.0,0.0,0.0,0.0,0.0,0.0,0.0,0.0,0.0,0.0,0.0,0.0,0.0,0.0,0.0,0.0,0.0,0.0,0.0,0.0,0.0
4,13207.889987950999,0.05075375379500678,0.05075375379500678,0.05075375379500678,0.05075375379500678,0.05075375379500678,0.05075375379500678,0.05075375379500678,0.05075375379500678,0.05075375379500678,0.05075375379500678,0.05075375379500678,0.05075375379500678,0.05075375379500678,0.05075375379500678,0.05075375379500678,0.05075375379500678,0.05075375379500678,0.05075375379500678,0.05075375379500678,0.05075375379500678,0.05075375379500678,0.05075375379500678,0.05075375379500678,0.05075375379500678,0.041709160100709027,0.041709160100709027,0.041709160100709027,0.041709160100709027,0.041709160100709027,0.041709160100709027,0.041709160100709027,0.041709160100709027,0.041709160100709027,0.041709160100709027,0.041709160100709027,0.041709160100709027,0.041709160100709027,0.041709160100709027,0.041709160100709027,0.041709160100709027,0.026793075973742198,0.026793075973742198,0.026793075973742198,0.026793075973742198,0.026793075973742198,0.026793075973742198,0.026793075973742198,0.026793075973742198,0.026793075973742198,0.026793075973742198,0.026793075973742198,0.026793075973742198,0.026793075973742198,0.026793075973742198,0.026793075973742198,0.026793075973742198,0.026793075973742198,0.026793075973742198,0.026793075973742198,0.026793075973742198,0.026793075973742198,0.026793075973742198,0.026793075973742198,0.026793075973742198,0.026793075973742198,0.026793075973742198,0.026793075973742198,0.026793075973742198,0.026793075973742198,0.026793075973742198,0.026793075973742198,0.026793075973742198,0.0,0.0,0.0,0.0,0.0,0.0,0.0,0.0,0.0,0.0,0.0,0.0,0.0,0.0,0.0,0.0,0.0,0.0,0.0,0.0,0.0,0.0,0.0,0.0,0.0,0.0,0.0,0.0
5,2429.50998689,0.03033945091716033,0.03033945091716033,0.03033945091716033,0.03033945091716033,0.0,0.0,0.0,0.0,0.0,0.0,0.0,0.0,0.0,0.0,0.0,0.0,0.0,0.0,0.0,0.0,0.0,0.0,0.0,0.0,0.0,0.0,0.0,0.0,0.0,0.0,0.0,0.0,0.0,0.0,0.0,0.0,0.0,0.0,0.0,0.0,0.0,0.0,0.0,0.0,0.0,0.0,0.0,0.0,0.0,0.0,0.0,0.0,0.0,0.0,0.0,0.0,0.0,0.0,0.0,0.0,0.0,0.0,0.0,0.0,0.0,0.0,0.0,0.0,0.0,0.0,0.0,0.0,0.0,0.0,0.0,0.0,0.0,0.0,0.0,0.0,0.0,0.0,0.0,0.0,0.0,0.0,0.0,0.0,0.0,0.0,0.0,0.0,0.0,0.0,0.0,0.0,0.0,0.0,0.0,0.0
6,6903.720006509,0.006891936514681995,0.006891936514681995,0.006891936514681995,0.006891936514681995,0.0,0.0,0.0,0.0,0.0,0.0,0.0,0.0,0.0,0.0,0.0,0.0,0.0,0.0,0.0,0.0,0.0,0.0,0.0,0.0,0.0,0.0,0.0,0.0,0.0,0.0,0.0,0.0,0.0,0.0,0.0,0.0,0.0,0.0,0.0,0.0,0.0,0.0,0.0,0.0,0.0,0.0,0.0,0.0,0.0,0.0,0.0,0.0,0.0,0.0,0.0,0.0,0.0,0.0,0.0,0.0,0.0,0.0,0.0,0.0,0.0,0.0,0.0,0.0,0.0,0.0,0.0,0.0,0.0,0.0,0.0,0.0,0.0,0.0,0.0,0.0,0.0,0.0,0.0,0.0,0.0,0.0,0.0,0.0,0.0,0.0,0.0,0.0,0.0,0.0,0.0,0.0,0.0,0.0,0.0,0.0
7,1775.3700234,0.2646997495203962,0.2646997495203962,0.2646997495203962,0.2646997495203962,0.0,0.0,0.0,0.0,0.0,0.0,0.0,0.0,0.0,0.0,0.0,0.0,0.0,0.0,0.0,0.0,0.0,0.0,0.0,0.0,0.0,0.0,0.0,0.0,0.0,0.0,0.0,0.0,0.0,0.0,0.0,0.0,0.0,0.0,0.0,0.0,0.0,0.0,0.0,0.0,0.0,0.0,0.0,0.0,0.0,0.0,0.0,0.0,0.0,0.0,0.0,0.0,0.0,0.0,0.0,0.0,0.0,0.0,0.0,0.0,0.0,0.0,0.0,0.0,0.0,0.0,0.0,0.0,0.0,0.0,0.0,0.0,0.0,0.0,0.0,0.0,0.0,0.0,0.0,0.0,0.0,0.0,0.0,0.0,0.0,0.0,0.0,0.0,0.0,0.0,0.0,0.0,0.0,0.0,0.0,0.0
8,2413.2199835,0.02652058272249924,0.02652058272249924,0.02652058272249924,0.02652058272249924,0.0,0.0,0.0,0.0,0.0,0.0,0.0,0.0,0.0,0.0,0.0,0.0,0.0,0.0,0.0,0.0,0.0,0.0,0.0,0.0,0.0,0.0,0.0,0.0,0.0,0.0,0.0,0.0,0.0,0.0,0.0,0.0,0.0,0.0,0.0,0.0,0.0,0.0,0.0,0.0,0.0,0.0,0.0,0.0,0.0,0.0,0.0,0.0,0.0,0.0,0.0,0.0,0.0,0.0,0.0,0.0,0.0,0.0,0.0,0.0,0.0,0.0,0.0,0.0,0.0,0.0,0.0,0.0,0.0,0.0,0.0,0.0,0.0,0.0,0.0,0.0,0.0,0.0,0.0,0.0,0.0,0.0,0.0,0.0,0.0,0.0,0.0,0.0,0.0,0.0,0.0,0.0,0.0,0.0,0.0,0.0
9,91.02000000000001,0.15732805976708414,0.15732805976708414,0.15732805976708414,0.15732805976708414,0.15732805976708414,0.15732805976708414,0.15732805976708414,0.15732805976708414,0.15732805976708414,0.15732805976708414,0.15732805976708414,0.15732805976708414,0.15732805976708414,0.15732805976708414,0.15732805976708414,0.15732805976708414,0.15732805976708414,0.15732805976708414,0.15732805976708414,0.15732805976708414,0.15732805976708414,0.15732805976708414,0.15732805976708414,0.15732805976708414,0.15732805976708414,0.15732805976708414,0.15732805976708414,0.15732805976708414,0.15732805976708414,0.15732805976708414,0.15732805976708414,0.15732805976708414,0.15732805976708414,0.15732805976708414,0.15732805976708414,0.15732805976708414,0.15732805976708414,0.15732805976708414,0.15732805976708414,0.15732805976708414,0.0,0.0,0.0,0.0,0.0,0.0,0.0,0.0,0.0,0.0,0.0,0.0,0.0,0.0,0.0,0.0,0.0,0.0,0.0,0.0,0.0,0.0,0.0,0.0,0.0,0.0,0.0,0.0,0.0,0.0,0.0,0.0,0.0,0.0,0.0,0.0,0.0,0.0,0.0,0.0,0.0,0.0,0.0,0.0,0.0,0.0,0.0,0.0,0.0,0.0,0.0,0.0,0.0,0.0,0.0,0.0,0.0,0.0,0.0,0.0
10,1760.180034219,0.3616505190518475,0.3616505190518475,0.3616505190518475,0.3616505190518475,0.3616505190518475,0.3616505190518475,0.3616505190518475,0.3616505190518475,0.3616505190518475,0.3616505190518475,0.3616505190518475,0.3616505190518475,0.3616505190518475,0.3616505190518475,0.3616505190518475,0.3616505190518475,0.3616505190518475,0.3616505190518475,0.3616505190518475,0.3616505190518475,0.3616505190518475,0.3616505190518475,0.3616505190518475,0.3616505190518475,0.0,0.0,0.0,0.0,0.0,0.0,0.0,0.0,0.0,0.0,0.0,0.0,0.0,0.0,0.0,0.0,0.0,0.0,0.0,0.0,0.0,0.0,0.0,0.0,0.0,0.0,0.0,0.0,0.0,0.0,0.0,0.0,0.0,0.0,0.0,0.0,0.0,0.0,0.0,0.0,0.0,0.0,0.0,0.0,0.0,0.0,0.0,0.0,0.0,0.0,0.0,0.0,0.0,0.0,0.0,0.0,0.0,0.0,0.0,0.0,0.0,0.0,0.0,0.0,0.0,0.0,0.0,0.0,0.0,0.0,0.0,0.0,0.0,0.0,0.0,0.0
11,0.0,0.0,0.0,0.0,0.0,0.0,0.0,0.0,0.0,0.0,0.0,0.0,0.0,0.0,0.0,0.0,0.0,0.0,0.0,0.0,0.0,0.0,0.0,0.0,0.0,0.0,0.0,0.0,0.0,0.0,0.0,0.0,0.0,0.0,0.0,0.0,0.0,0.0,0.0,0.0,0.0,0.0,0.0,0.0,0.0,0.0,0.0,0.0,0.0,0.0,0.0,0.0,0.0,0.0,0.0,0.0,0.0,0.0,0.0,0.0,0.0,0.0,0.0,0.0,0.0,0.0,0.0,0.0,0.0,0.0,0.0,0.0,0.0,0.0,0.0,0.0,0.0,0.0,0.0,0.0,0.0,0.0,0.0,0.0,0.0,0.0,0.0,0.0,0.0,0.0,0.0,0.0,0.0,0.0,0.0,0.0,0.0,0.0,0.0,0.0,0.0
12,2795.70999465,0.009908038048655978,0.009908038048655978,0.009908038048655978,0.009908038048655978,0.0,0.0,0.0,0.0,0.0,0.0,0.0,0.0,0.0,0.0,0.0,0.0,0.0,0.0,0.0,0.0,0.0,0.0,0.0,0.0,0.0,0.0,0.0,0.0,0.0,0.0,0.0,0.0,0.0,0.0,0.0,0.0,0.0,0.0,0.0,0.0,0.0,0.0,0.0,0.0,0.0,0.0,0.0,0.0,0.0,0.0,0.0,0.0,0.0,0.0,0.0,0.0,0.0,0.0,0.0,0.0,0.0,0.0,0.0,0.0,0.0,0.0,0.0,0.0,0.0,0.0,0.0,0.0,0.0,0.0,0.0,0.0,0.0,0.0,0.0,0.0,0.0,0.0,0.0,0.0,0.0,0.0,0.0,0.0,0.0,0.0,0.0,0.0,0.0,0.0,0.0,0.0,0.0,0.0,0.0,0.0
13,3205.579998891,0.03875429661495845,0.03875429661495845,0.03875429661495845,0.03875429661495845,0.0,0.0,0.0,0.0,0.0,0.0,0.0,0.0,0.0,0.0,0.0,0.0,0.0,0.0,0.0,0.0,0.0,0.0,0.0,0.0,0.0,0.0,0.0,0.0,0.0,0.0,0.0,0.0,0.0,0.0,0.0,0.0,0.0,0.0,0.0,0.0,0.0,0.0,0.0,0.0,0.0,0.0,0.0,0.0,0.0,0.0,0.0,0.0,0.0,0.0,0.0,0.0,0.0,0.0,0.0,0.0,0.0,0.0,0.0,0.0,0.0,0.0,0.0,0.0,0.0,0.0,0.0,0.0,0.0,0.0,0.0,0.0,0.0,0.0,0.0,0.0,0.0,0.0,0.0,0.0,0.0,0.0,0.0,0.0,0.0,0.0,0.0,0.0,0.0,0.0,0.0,0.0,0.0,0.0,0.0,0.0
14,1740.58001436,0.01797102158012624,0.01797102158012624,0.01797102158012624,0.01797102158012624,0.01797102158012624,0.01797102158012624,0.01797102158012624,0.01797102158012624,0.01797102158012624,0.01797102158012624,0.01797102158012624,0.01797102158012624,0.01797102158012624,0.01797102158012624,0.01797102158012624,0.01797102158012624,0.01797102158012624,0.01797102158012624,0.01797102158012624,0.01797102158012624,0.01797102158012624,0.01797102158012624,0.01797102158012624,0.01797102158012624,0.0011490422637854929,0.0011490422637854929,0.0011490422637854929,0.0011490422637854929,0.0011490422637854929,0.0011490422637854929,0.0011490422637854929,0.0011490422637854929,0.0011490422637854929,0.0011490422637854929,0.0011490422637854929,0.0011490422637854929,0.0011490422637854929,0.0011490422637854929,0.0011490422637854929,0.0011490422637854929,0.0,0.0,0.0,0.0,0.0,0.0,0.0,0.0,0.0,0.0,0.0,0.0,0.0,0.0,0.0,0.0,0.0,0.0,0.0,0.0,0.0,0.0,0.0,0.0,0.0,0.0,0.0,0.0,0.0,0.0,0.0,0.0,0.0,0.0,0.0,0.0,0.0,0.0,0.0,0.0,0.0,0.0,0.0,0.0,0.0,0.0,0.0,0.0,0.0,0.0,0.0,0.0,0.0,0.0,0.0,0.0,0.0,0.0,0.0,0.0
15,9431.7699789,0.011364780856593926,0.011364780856593926,0.011364780856593926,0.011364780856593926,0.0,0.0,0.0,0.0,0.0,0.0,0.0,0.0,0.0,0.0,0.0,0.0,0.0,0.0,0.0,0.0,0.0,0.0,0.0,0.0,0.0,0.0,0.0,0.0,0.0,0.0,0.0,0.0,0.0,0.0,0.0,0.0,0.0,0.0,0.0,0.0,0.0,0.0,0.0,0.0,0.0,0.0,0.0,0.0,0.0,0.0,0.0,0.0,0.0,0.0,0.0,0.0,0.0,0.0,0.0,0.0,0.0,0.0,0.0,0.0,0.0,0.0,0.0,0.0,0.0,0.0,0.0,0.0,0.0,0.0,0.0,0.0,0.0,0.0,0.0,0.0,0.0,0.0,0.0,0.0,0.0,0.0,0.0,0.0,0.0,0.0,0.0,0.0,0.0,0.0,0.0,0.0,0.0,0.0,0.0,0.0
16,1083.75999657,0.03900310025631194,0.03900310025631194,0.03900310025631194,0.03900310025631194,0.03900310025631194,0.03900310025631194,0.03900310025631194,0.03900310025631194,0.03900310025631194,0.03900310025631194,0.03900310025631194,0.03900310025631194,0.03900310025631194,0.03900310025631194,0.03900310025631194,0.03900310025631194,0.03900310025631194,0.03900310025631194,0.03900310025631194,0.03900310025631194,0.03900310025631194,0.03900310025631194,0.03900310025631194,0.03900310025631194,0.03900310025631194,0.03900310025631194,0.03900310025631194,0.03900310025631194,0.0009227135188278837,0.0009227135188278837,0.0009227135188278837,0.0009227135188278837,0.0009227135188278837,0.0009227135188278837,0.0009227135188278837,0.0009227135188278837,0.0009227135188278837,0.0009227135188278837,0.0009227135188278837,0.0009227135188278837,0.0009227135188278837,0.0009227135188278837,0.0009227135188278837,0.0009227135188278837,0.0009227135188278837,0.0009227135188278837,0.0009227135188278837,0.0009227135188278837,0.0009227135188278837,0.0009227135188278837,0.0009227135188278837,0.0009227135188278837,0.0009227135188278837,0.0009227135188278837,0.0009227135188278837,0.0009227135188278837,0.0009227135188278837,0.0009227135188278837,0.0009227135188278837,0.0009227135188278837,0.0009227135188278837,0.0009227135188278837,0.0009227135188278837,0.0009227135188278837,0.0009227135188278837,0.0009227135188278837,0.0009227135188278837,0.0009227135188278837,0.0009227135188278837,0.0009227135188278837,0.0009227135188278837,0.0009227135188278837,0.0009227135188278837,0.0009227135188278837,0.0009227135188278837,0.0009227135188278837,0.0009227135188278837,0.0009227135188278837,0.0009227135188278837,0.0009227135188278837,0.0009227135188278837,0.0009227135188278837,0.0009227135188278837,0.0009227135188278837,0.0009227135188278837,0.0009227135188278837,0.0009227135188278837,0.0009227135188278837,0.0009227135188278837,0.0009227135188278837,0.0009227135188278837,0.0,0.0,0.0,0.0,0.0,0.0,0.0,0.0,0.0
17,2030.10001946,0.004891384712483943,0.004891384712483943,0.004891384712483943,0.004891384712483943,0.004891384712483943,0.004891384712483943,0.004891384712483943,0.004891384712483943,0.004891384712483943,0.004891384712483943,0.004891384712483943,0.004891384712483943,0.004891384712483943,0.004891384712483943,0.004891384712483943,0.004891384712483943,0.004891384712483943,0.004891384712483943,0.004891384712483943,0.004891384712483943,0.004891384712483943,0.004891384712483943,0.004891384712483943,0.004891384712483943,0.004891384712483943,0.004891384712483943,0.004891384712483943,0.004891384712483943,0.001807792702241443,0.001807792702241443,0.001807792702241443,0.001807792702241443,0.001807792702241443,0.001807792702241443,0.001807792702241443,0.001807792702241443,0.001807792702241443,0.001807792702241443,0.001807792702241443,0.001807792702241443,0.001807792702241443,0.001807792702241443,0.001807792702241443,0.001807792702241443,0.001807792702241443,0.001807792702241443,0.001807792702241443,0.001807792702241443,0.001807792702241443,0.001807792702241443,0.001807792702241443,0.001807792702241443,0.0009851731347364813,0.0009851731347364813,0.0009851731347364813,0.0009851731347364813,0.0009851731347364813,0.0009851731347364813,0.0009851731347364813,0.0009851731347364813,0.0009851731347364813,0.0009851731347364813,0.0009851731347364813,0.0009851731347364813,0.0009851731347364813,0.0009851731347364813,0.0009851731347364813,0.0009851731347364813,0.0009851731347364813,0.0009851731347364813,0.0009851731347364813,0.0009851731347364813,0.0009851731347364813,0.0009851731347364813,0.0009851731347364813,0.0009851731347364813,0.0009851731347364813,0.0009851731347364813,0.0009851731347364813,0.0009851731347364813,0.0009851731347364813,0.0009851731347364813,0.0009851731347364813,0.0009851731347364813,0.0009851731347364813,0.0009851731347364813,0.0009851731347364813,0.0009851731347364813,0.0009851731347364813,0.0009851731347364813,0.0009851731347364813,0.0,0.0,0.0,0.0,0.0,0.0,0.0,0.0,0.0
18,6590.5200358600005,0.03337824608726718,0.03337824608726718,0.03337824608726718,0.03337824608726718,0.0,0.0,0.0,0.0,0.0,0.0,0.0,0.0,0.0,0.0,0.0,0.0,0.0,0.0,0.0,0.0,0.0,0.0,0.0,0.0,0.0,0.0,0.0,0.0,0.0,0.0,0.0,0.0,0.0,0.0,0.0,0.0,0.0,0.0,0.0,0.0,0.0,0.0,0.0,0.0,0.0,0.0,0.0,0.0,0.0,0.0,0.0,0.0,0.0,0.0,0.0,0.0,0.0,0.0,0.0,0.0,0.0,0.0,0.0,0.0,0.0,0.0,0.0,0.0,0.0,0.0,0.0,0.0,0.0,0.0,0.0,0.0,0.0,0.0,0.0,0.0,0.0,0.0,0.0,0.0,0.0,0.0,0.0,0.0,0.0,0.0,0.0,0.0,0.0,0.0,0.0,0.0,0.0,0.0,0.0,0.0
19,0.0,0.0,0.0,0.0,0.0,0.0,0.0,0.0,0.0,0.0,0.0,0.0,0.0,0.0,0.0,0.0,0.0,0.0,0.0,0.0,0.0,0.0,0.0,0.0,0.0,0.0,0.0,0.0,0.0,0.0,0.0,0.0,0.0,0.0,0.0,0.0,0.0,0.0,0.0,0.0,0.0,0.0,0.0,0.0,0.0,0.0,0.0,0.0,0.0,0.0,0.0,0.0,0.0,0.0,0.0,0.0,0.0,0.0,0.0,0.0,0.0,0.0,0.0,0.0,0.0,0.0,0.0,0.0,0.0,0.0,0.0,0.0,0.0,0.0,0.0,0.0,0.0,0.0,0.0,0.0,0.0,0.0,0.0,0.0,0.0,0.0,0.0,0.0,0.0,0.0,0.0,0.0,0.0,0.0,0.0,0.0,0.0,0.0,0.0,0.0,0.0
20,0.0,0.0,0.0,0.0,0.0,0.0,0.0,0.0,0.0,0.0,0.0,0.0,0.0,0.0,0.0,0.0,0.0,0.0,0.0,0.0,0.0,0.0,0.0,0.0,0.0,0.0,0.0,0.0,0.0,0.0,0.0,0.0,0.0,0.0,0.0,0.0,0.0,0.0,0.0,0.0,0.0,0.0,0.0,0.0,0.0,0.0,0.0,0.0,0.0,0.0,0.0,0.0,0.0,0.0,0.0,0.0,0.0,0.0,0.0,0.0,0.0,0.0,0.0,0.0,0.0,0.0,0.0,0.0,0.0,0.0,0.0,0.0,0.0,0.0,0.0,0.0,0.0,0.0,0.0,0.0,0.0,0.0,0.0,0.0,0.0,0.0,0.0,0.0,0.0,0.0,0.0,0.0,0.0,0.0,0.0,0.0,0.0,0.0,0.0,0.0,0.0
21,5279.900000161,0.010909297151128544,0.010909297151128544,0.010909297151128544,0.010909297151128544,0.0,0.0,0.0,0.0,0.0,0.0,0.0,0.0,0.0,0.0,0.0,0.0,0.0,0.0,0.0,0.0,0.0,0.0,0.0,0.0,0.0,0.0,0.0,0.0,0.0,0.0,0.0,0.0,0.0,0.0,0.0,0.0,0.0,0.0,0.0,0.0,0.0,0.0,0.0,0.0,0.0,0.0,0.0,0.0,0.0,0.0,0.0,0.0,0.0,0.0,0.0,0.0,0.0,0.0,0.0,0.0,0.0,0.0,0.0,0.0,0.0,0.0,0.0,0.0,0.0,0.0,0.0,0.0,0.0,0.0,0.0,0.0,0.0,0.0,0.0,0.0,0.0,0.0,0.0,0.0,0.0,0.0,0.0,0.0,0.0,0.0,0.0,0.0,0.0,0.0,0.0,0.0,0.0,0.0,0.0,0.0
22,1914.939998316,0.03407939625126098,0.03407939625126098,0.03407939625126098,0.03407939625126098,0.0,0.0,0.0,0.0,0.0,0.0,0.0,0.0,0.0,0.0,0.0,0.0,0.0,0.0,0.0,0.0,0.0,0.0,0.0,0.0,0.0,0.0,0.0,0.0,0.0,0.0,0.0,0.0,0.0,0.0,0.0,0.0,0.0,0.0,0.0,0.0,0.0,0.0,0.0,0.0,0.0,0.0,0.0,0.0,0.0,0.0,0.0,0.0,0.0,0.0,0.0,0.0,0.0,0.0,0.0,0.0,0.0,0.0,0.0,0.0,0.0,0.0,0.0,0.0,0.0,0.0,0.0,0.0,0.0,0.0,0.0,0.0,0.0,0.0,0.0,0.0,0.0,0.0,0.0,0.0,0.0,0.0,0.0,0.0,0.0,0.0,0.0,0.0,0.0,0.0,0.0,0.0,0.0,0.0,0.0,0.0
23,3742.04001621,0.00440935958421724,0.00440935958421724,0.00440935958421724,0.00440935958421724,0.00440935958421724,0.00440935958421724,0.00440935958421724,0.00440935958421724,0.00440935958421724,0.00440935958421724,0.00440935958421724,0.00440935958421724,0.00440935958421724,0.00440935958421724,0.00440935958421724,0.00440935958421724,0.00440935958421724,0.00440935958421724,0.00440935958421724,0.00440935958421724,0.00440935958421724,0.00440935958421724,0.00440935958421724,0.00440935958421724,0.00026456157756503347,0.00026456157756503347,0.00026456157756503347,0.00026456157756503347,0.00026456157756503347,0.00026456157756503347,0.00026456157756503347,0.00026456157756503347,0.00026456157756503347,0.00026456157756503347,0.00026456157756503347,0.00026456157756503347,0.00026456157756503347,0.00026456157756503347,0.00026456157756503347,0.00026456157756503347,0.00026456157756503347,0.00026456157756503347,0.00026456157756503347,0.00026456157756503347,0.00026456157756503347,0.00026456157756503347,0.00026456157756503347,0.00026456157756503347,0.00026456157756503347,0.00026456157756503347,0.00026456157756503347,0.00026456157756503347,0.00026456157756503347,0.00026456157756503347,0.00026456157756503347,0.00026456157756503347,0.00026456157756503347,0.00026456157756503347,0.00026456157756503347,0.00026456157756503347,0.00026456157756503347,0.00026456157756503347,0.00026456157756503347,0.00026456157756503347,0.00026456157756503347,0.00026456157756503347,0.00026456157756503347,0.00026456157756503347,0.00026456157756503347,0.00026456157756503347,0.00026456157756503347,0.00026456157756503347,8.551484981822891e-05,8.551484981822891e-05,8.551484981822891e-05,8.551484981822891e-05,0.0,0.0,0.0,0.0,0.0,0.0,0.0,0.0,0.0,0.0,0.0,0.0,0.0,0.0,0.0,0.0,0.0,0.0,0.0,0.0,0.0,0.0,0.0,0.0
24,272.45999592,0.32305658929043124,0.32305658929043124,0.32305658929043124,0.32305658929043124,0.32305658929043124,0.32305658929043124,0.32305658929043124,0.32305658929043124,0.32305658929043124,0.32305658929043124,0.32305658929043124,0.32305658929043124,0.32305658929043124,0.32305658929043124,0.32305658929043124,0.32305658929043124,0.32305658929043124,0.32305658929043124,0.32305658929043124,0.32305658929043124,0.32305658929043124,0.32305658929043124,0.32305658929043124,0.32305658929043124,0.0,0.0,0.0,0.0,0.0,0.0,0.0,0.0,0.0,0.0,0.0,0.0,0.0,0.0,0.0,0.0,0.0,0.0,0.0,0.0,0.0,0.0,0.0,0.0,0.0,0.0,0.0,0.0,0.0,0.0,0.0,0.0,0.0,0.0,0.0,0.0,0.0,0.0,0.0,0.0,0.0,0.0,0.0,0.0,0.0,0.0,0.0,0.0,0.0,0.0,0.0,0.0,0.0,0.0,0.0,0.0,0.0,0.0,0.0,0.0,0.0,0.0,0.0,0.0,0.0,0.0,0.0,0.0,0.0,0.0,0.0,0.0,0.0,0.0,0.0,0.0
25,2529.5099898189997,0.15971473034147154,0.15971473034147154,0.15971473034147154,0.15971473034147154,0.15971473034147154,0.15971473034147154,0.15971473034147154,0.15971473034147154,0.15971473034147154,0.15971473034147154,0.15971473034147154,0.15971473034147154,0.15971473034147154,0.15971473034147154,0.15971473034147154,0.15971473034147154,0.15971473034147154,0.15971473034147154,0.15971473034147154,0.15971473034147154,0.15971473034147154,0.15971473034147154,0.15971473034147154,0.15971473034147154,0.12459330430339649,0.12459330430339649,0.12459330430339649,0.12459330430339649,0.12459330430339649,0.12459330430339649,0.12459330430339649,0.12459330430339649,0.12459330430339649,0.12459330430339649,0.12459330430339649,0.12459330430339649,0.12459330430339649,0.12459330430339649,0.12459330430339649,0.12459330430339649,0.10172326254319791,0.10172326254319791,0.10172326254319791,0.10172326254319791,0.10172326254319791,0.10172326254319791,0.10172326254319791,0.10172326254319791,0.10172326254319791,0.10172326254319791,0.10172326254319791,0.10172326254319791,0.10172326254319791,0.10172326254319791,0.10172326254319791,0.10172326254319791,0.10172326254319791,0.10172326254319791,0.10172326254319791,0.10172326254319791,0.10172326254319791,0.10172326254319791,0.10172326254319791,0.10172326254319791,0.10172326254319791,0.10172326254319791,0.10172326254319791,0.10172326254319791,0.10172326254319791,0.10172326254319791,0.10172326254319791,0.10172326254319791,0.014702451917440797,0.014702451917440797,0.014702451917440797,0.014702451917440797,0.0,0.0,0.0,0.0,0.0,0.0,0.0,0.0,0.0,0.0,0.0,0.0,0.0,0.0,0.0,0.0,0.0,0.0,0.0,0.0,0.0,0.0,0.0,0.0
26,37874.17996336,0.015864633929534053,0.015864633929534053,0.015864633929534053,0.015864633929534053,0.0,0.0,0.0,0.0,0.0,0.0,0.0,0.0,0.0,0.0,0.0,0.0,0.0,0.0,0.0,0.0,0.0,0.0,0.0,0.0,0.0,0.0,0.0,0.0,0.0,0.0,0.0,0.0,0.0,0.0,0.0,0.0,0.0,0.0,0.0,0.0,0.0,0.0,0.0,0.0,0.0,0.0,0.0,0.0,0.0,0.0,0.0,0.0,0.0,0.0,0.0,0.0,0.0,0.0,0.0,0.0,0.0,0.0,0.0,0.0,0.0,0.0,0.0,0.0,0.0,0.0,0.0,0.0,0.0,0.0,0.0,0.0,0.0,0.0,0.0,0.0,0.0,0.0,0.0,0.0,0.0,0.0,0.0,0.0,0.0,0.0,0.0,0.0,0.0,0.0,0.0,0.0,0.0,0.0,0.0,0.0
27,72946.689867674,0.03549838944381658,0.03549838944381658,0.03549838944381658,0.03549838944381658,0.03549838944381658,0.03549838944381658,0.03549838944381658,0.03549838944381658,0.03549838944381658,0.03549838944381658,0.03549838944381658,0.03549838944381658,0.03549838944381658,0.03549838944381658,0.03549838944381658,0.03549838944381658,0.03549838944381658,0.03549838944381658,0.03549838944381658,0.03549838944381658,0.03549838944381658,0.03549838944381658,0.03549838944381658,0.010073246629736765,0.010073246629736765,0.010073246629736765,0.010073246629736765,0.010073246629736765,0.010073246629736765,0.010073246629736765,0.010073246629736765,0.010073246629736765,0.010073246629736765,0.010073246629736765,0.010073246629736765,0.010073246629736765,0.010073246629736765,0.010073246629736765,0.010073246629736765,0.010073246629736765,0.010073246629736765,0.010073246629736765,0.010073246629736765,0.003027690507007819,0.003027690507007819,0.003027690507007819,0.003027690507007819,0.003027690507007819,0.003027690507007819,0.003027690507007819,0.003027690507007819,0.003027690507007819,0.003027690507007819,0.003027690507007819,0.003027690507007819,0.003027690507007819,0.003027690507007819,0.003027690507007819,0.003027690507007819,0.003027690507007819,0.003027690507007819,0.003027690507007819,0.003027690507007819,0.003027690507007819,0.003027690507007819,0.003027690507007819,0.003027690507007819,0.003027690507007819,0.003027690507007819,0.003027690507007819,0.003027690507007819,0.003027690507007819,0.0023652889598279134,0.0023652889598279134,0.0023652889598279134,0.0023652889598279134,0.0023652889598279134,0.0023652889598279134,0.0023652889598279134,0.0023652889598279134,0.0023652889598279134,0.0023652889598279134,0.0023652889598279134,0.0023652889598279134,0.0023652889598279134,0.0023652889598279134,0.0023652889598279134,0.0023652889598279134,0.0023652889598279134,0.0023652889598279134,0.0023652889598279134,0.0023652889598279134,0.0023652889598279134,0.0023652889598279134,0.0023652889598279134,0.0023652889598279134,0.0023652889598279134,0.0023652889598279134,0.0023652889598279134,0.0023652889598279134
28,19597.9199939,0.07441503992841748,0.07441503992841748,0.07441503992841748,0.07441503992841748,0.07441503992841748,0.07441503992841748,0.07441503992841748,0.07441503992841748,0.07441503992841748,0.07441503992841748,0.07441503992841748,0.07441503992841748,0.07441503992841748,0.07441503992841748,0.07441503992841748,0.07441503992841748,0.07441503992841748,0.07441503992841748,0.07441503992841748,0.07441503992841748,0.07441503992841748,0.07441503992841748,0.07441503992841748,0.07441503992841748,0.07441503992841748,0.021036416084376407,0.021036416084376407,0.021036416084376407,0.021036416084376407,0.021036416084376407,0.021036416084376407,0.021036416084376407,0.021036416084376407,0.021036416084376407,0.021036416084376407,0.021036416084376407,0.021036416084376407,0.021036416084376407,0.021036416084376407,0.021036416084376407,0.021036416084376407,0.021036416084376407,0.021036416084376407,0.021036416084376407,0.0014649514595904119,0.0014649514595904119,0.0014649514595904119,0.0014649514595904119,0.0014649514595904119,0.0014649514595904119,0.0014649514595904119,0.0014649514595904119,0.0014649514595904119,0.0014649514595904119,0.0014649514595904119,0.0014649514595904119,0.0014649514595904119,0.0014649514595904119,0.0014649514595904119,0.0014649514595904119,0.0014649514595904119,0.0014649514595904119,0.0014649514595904119,0.0014649514595904119,0.0014649514595904119,0.0014649514595904119,0.0014649514595904119,0.0014649514595904119,0.0014649514595904119,0.0014649514595904119,0.0014649514595904119,0.0014649514595904119,0.0014649514595904119,0.0014649514595904119,0.0014649514595904119,0.0014649514595904119,0.0014649514595904119,0.0014649514595904119,0.0014649514595904119,0.0014649514595904119,0.0014649514595904119,0.0014649514595904119,0.0014649514595904119,0.0014649514595904119,0.0,0.0,0.0,0.0,0.0,0.0,0.0,0.0,0.0,0.0,0.0,0.0,0.0,0.0,0.0,0.0
29,67078.1299651318,0.017339332560025022,0.017339332560025022,0.017339332560025022,0.017339332560025022,0.017339332560025022,0.017339332560025022,0.017339332560025022,0.017339332560025022,0.017339332560025022,0.017339332560025022,0.017339332560025022,0.017339332560025022,0.017339332560025022,0.017339332560025022,0.017339332560025022,0.017339332560025022,0.017339332560025022,0.017339332560025022,0.017339332560025022,0.017339332560025022,0.017339332560025022,0.017339332560025022,0.017339332560025022,0.017339332560025022,0.003157064764776255,0.003157064764776255,0.003157064764776255,0.003157064764776255,0.003157064764776255,0.003157064764776255,0.003157064764776255,0.003157064764776255,0.003157064764776255,0.003157064764776255,0.003157064764776255,0.003157064764776255,0.003157064764776255,0.003157064764776255,0.003157064764776255,0.003157064764776255,0.003157064764776255,0.003157064764776255,0.002305520459207632,0.002305520459207632,0.002305520459207632,0.002305520459207632,0.002305520459207632,0.002305520459207632,0.002305520459207632,0.002305520459207632,0.002305520459207632,0.002305520459207632,0.002305520459207632,0.002305520459207632,0.002305520459207632,0.002305520459207632,0.002305520459207632,0.002305520459207632,0.002305520459207632,0.002305520459207632,0.002305520459207632,0.002305520459207632,0.002305520459207632,0.002305520459207632,0.002305520459207632,0.002305520459207632,0.002305520459207632,0.002305520459207632,0.002305520459207632,0.002305520459207632,0.002305520459207632,0.002305520459207632,0.0003229070326089752,0.0003229070326089752,0.0,0.0,0.0,0.0,0.0,0.0,0.0,0.0,0.0,0.0,0.0,0.0,0.0,0.0,0.0,0.0,0.0,0.0,0.0,0.0,0.0,0.0,0.0,0.0,0.0,0.0
30,1148.8700107500001,0.019915221031022983,0.019915221031022983,0.019915221031022983,0.019915221031022983,0.019915221031022983,0.019915221031022983,0.019915221031022983,0.019915221031022983,0.019915221031022983,0.019915221031022983,0.019915221031022983,0.019915221031022983,0.019915221031022983,0.019915221031022983,0.019915221031022983,0.019915221031022983,0.019915221031022983,0.019915221031022983,0.019915221031022983,0.019915221031022983,0.019915221031022983,0.019915221031022983,0.019915221031022983,0.019915221031022983,0.019915221031022983,0.019915221031022983,0.019915221031022983,0.019915221031022983,0.000870420491999077,0.000870420491999077,0.000870420491999077,0.000870420491999077,0.000870420491999077,0.000870420491999077,0.000870420491999077,0.000870420491999077,0.000870420491999077,0.000870420491999077,0.000870420491999077,0.000870420491999077,0.000870420491999077,0.000870420491999077,0.000870420491999077,0.000870420491999077,0.000870420491999077,0.000870420491999077,0.000870420491999077,0.000870420491999077,0.000870420491999077,0.000870420491999077,0.000870420491999077,0.000870420491999077,0.0,0.0,0.0,0.0,0.0,0.0,0.0,0.0,0.0,0.0,0.0,0.0,0.0,0.0,0.0,0.0,0.0,0.0,0.0,0.0,0.0,0.0,0.0,0.0,0.0,0.0,0.0,0.0,0.0,0.0,0.0,0.0,0.0,0.0,0.0,0.0,0.0,0.0,0.0,0.0,0.0,0.0,0.0,0.0,0.0,0.0,0.0,0.0
31,913.57999995,0.11005056810077117,0.11005056810077117,0.11005056810077117,0.11005056810077117,0.11005056810077117,0.11005056810077117,0.11005056810077117,0.11005056810077117,0.11005056810077117,0.11005056810077117,0.11005056810077117,0.11005056810077117,0.11005056810077117,0.11005056810077117,0.11005056810077117,0.11005056810077117,0.11005056810077117,0.11005056810077117,0.11005056810077117,0.11005056810077117,0.11005056810077117,0.11005056810077117,0.11005056810077117,0.11005056810077117,0.11005056810077117,0.11005056810077117,0.11005056810077117,0.11005056810077117,0.04444055036474313,0.04444055036474313,0.04444055036474313,0.04444055036474313,0.04444055036474313,0.04444055036474313,0.04444055036474313,0.04444055036474313,0.04444055036474313,0.04444055036474313,0.04444055036474313,0.04444055036474313,0.04444055036474313,0.04444055036474313,0.04444055036474313,0.04444055036474313,0.04444055036474313,0.04444055036474313,0.04444055036474313,0.04444055036474313,0.04444055036474313,0.04444055036474313,0.04444055036474313,0.04444055036474313,0.0,0.0,0.0,0.0,0.0,0.0,0.0,0.0,0.0,0.0,0.0,0.0,0.0,0.0,0.0,0.0,0.0,0.0,0.0,0.0,0.0,0.0,0.0,0.0,0.0,0.0,0.0,0.0,0.0,0.0,0.0,0.0,0.0,0.0,0.0,0.0,0.0,0.0,0.0,0.0,0.0,0.0,0.0,0.0,0.0,0.0,0.0,0.0
32,10058.680023044999,0.043863608676204355,0.043863608676204355,0.043863608676204355,0.043863608676204355,0.043863608676204355,0.043863608676204355,0.043863608676204355,0.043863608676204355,0.043863608676204355,0.043863608676204355,0.043863608676204355,0.043863608676204355,0.043863608676204355,0.043863608676204355,0.043863608676204355,0.043863608676204355,0.043863608676204355,0.043863608676204355,0.043863608676204355,0.043863608676204355,0.043863608676204355,0.043863608676204355,0.043863608676204355,0.043863608676204355,0.043863608676204355,0.043863608676204355,0.043863608676204355,0.043863608676204355,0.0029397495031409184,0.0029397495031409184,0.0029397495031409184,0.0029397495031409184,0.0029397495031409184,0.0029397495031409184,0.0029397495031409184,0.0029397495031409184,0.0029397495031409184,0.0029397495031409184,0.0029397495031409184,0.0029397495031409184,0.0029397495031409184,0.0029397495031409184,0.0029397495031409184,0.0029397495031409184,0.0029397495031409184,0.0029397495031409184,0.0029397495031409184,0.0029397495031409184,0.0029397495031409184,0.0029397495031409184,0.0029397495031409184,0.0029397495031409184,0.002442666388006058,0.002442666388006058,0.002442666388006058,0.002442666388006058,0.002442666388006058,0.002442666388006058,0.002442666388006058,0.002442666388006058,0.002442666388006058,0.002442666388006058,0.002442666388006058,0.002442666388006058,0.002442666388006058,0.002442666388006058,0.002442666388006058,0.002442666388006058,0.002442666388006058,0.002442666388006058,0.002442666388006058,0.002442666388006058,0.0021225448618592078,0.0021225448618592078,0.0021225448618592078,0.0021225448618592078,0.0021225448618592078,0.0021225448618592078,0.0021225448618592078,0.0021225448618592078,0.0021225448618592078,0.0021225448618592078,0.0021225448618592078,0.0021225448618592078,0.0021225448618592078,0.0021225448618592078,0.0021225448618592078,0.0021225448618592078,0.0021225448618592078,0.0021225448618592078,0.0021225448618592078,0.0,0.0,0.0,0.0,0.0,0.0,0.0,0.0,0.0
33,10720.479960158,0.044678968934236105,0.044678968934236105,0.044678968934236105,0.044678968934236105,0.044678968934236105,0.044678968934236105,0.044678968934236105,0.044678968934236105,0.044678968934236105,0.044678968934236105,0.044678968934236105,0.044678968934236105,0.044678968934236105,0.044678968934236105,0.044678968934236105,0.044678968934236105,0.044678968934236105,0.044678968934236105,0.044678968934236105,0.044678968934236105,0.044678968934236105,0.044678968934236105,0.044678968934236105,0.044678968934236105,0.004467150731868372,0.004467150731868372,0.004467150731868372,0.004467150731868372,0.004467150731868372,0.004467150731868372,0.004467150731868372,0.004467150731868372,0.004467150731868372,0.004467150731868372,0.004467150731868372,0.004467150731868372,0.004467150731868372,0.004467150731868372,0.004467150731868372,0.004467150731868372,0.00047945615486456904,0.00047945615486456904,0.00047945615486456904,0.00047945615486456904,0.00047945615486456904,0.00047945615486456904,0.00047945615486456904,0.00047945615486456904,0.00047945615486456904,0.00047945615486456904,0.00047945615486456904,0.00047945615486456904,0.00047945615486456904,0.00047945615486456904,0.00047945615486456904,0.00047945615486456904,0.00047945615486456904,0.00047945615486456904,0.00047945615486456904,0.00047945615486456904,0.00047945615486456904,0.00047945615486456904,0.00047945615486456904,0.00047945615486456904,0.00047945615486456904,0.00047945615486456904,0.00047945615486456904,0.00047945615486456904,0.00047945615486456904,0.00047945615486456904,0.00047945615486456904,0.00047945615486456904,0.0003861767491181437,0.0003861767491181437,0.0003861767491181437,0.0003861767491181437,0.0,0.0,0.0,0.0,0.0,0.0,0.0,0.0,0.0,0.0,0.0,0.0,0.0,0.0,0.0,0.0,0.0,0.0,0.0,0.0,0.0,0.0,0.0,0.0
34,6898.760004221001,0.020202181295584508,0.020202181295584508,0.020202181295584508,0.020202181295584508,0.020202181295584508,0.020202181295584508,0.020202181295584508,0.020202181295584508,0.020202181295584508,0.020202181295584508,0.020202181295584508,0.020202181295584508,0.020202181295584508,0.020202181295584508,0.020202181295584508,0.020202181295584508,0.020202181295584508,0.020202181295584508,0.020202181295584508,0.020202181295584508,0.020202181295584508,0.020202181295584508,0.020202181295584508,0.020202181295584508,0.004964660298233911,0.004964660298233911,0.004964660298233911,0.004964660298233911,0.004964660298233911,0.004964660298233911,0.004964660298233911,0.004964660298233911,0.004964660298233911,0.004964660298233911,0.004964660298233911,0.004964660298233911,0.004964660298233911,0.004964660298233911,0.004964660298233911,0.004964660298233911,0.002935310097410268,0.002935310097410268,0.002935310097410268,0.002935310097410268,0.002935310097410268,0.002935310097410268,0.002935310097410268,0.002935310097410268,0.002935310097410268,0.002935310097410268,0.002935310097410268,0.002935310097410268,0.002935310097410268,0.002935310097410268,0.002935310097410268,0.002935310097410268,0.002935310097410268,0.002935310097410268,0.002935310097410268,0.002935310097410268,0.002935310097410268,0.002935310097410268,0.002935310097410268,0.002935310097410268,0.002935310097410268,0.002935310097410268,0.002935310097410268,0.002935310097410268,0.002935310097410268,0.002935310097410268,0.002935310097410268,0.002935310097410268,0.000434860757319353,0.000434860757319353,0.000434860757319353,0.000434860757319353,0.0,0.0,0.0,0.0,0.0,0.0,0.0,0.0,0.0,0.0,0.0,0.0,0.0,0.0,0.0,0.0,0.0,0.0,0.0,0.0,0.0,0.0,0.0,0.0
35,16957.469996237,0.014087596803179461,0.014087596803179461,0.014087596803179461,0.014087596803179461,0.014087596803179461,0.014087596803179461,0.014087596803179461,0.014087596803179461,0.014087596803179461,0.014087596803179461,0.014087596803179461,0.014087596803179461,0.014087596803179461,0.014087596803179461,0.014087596803179461,0.014087596803179461,0.014087596803179461,0.014087596803179461,0.014087596803179461,0.014087596803179461,0.014087596803179461,0.014087596803179461,0.014087596803179461,0.014087596803179461,0.005630556922181657,0.005630556922181657,0.005630556922181657,0.005630556922181657,0.005630556922181657,0.005630556922181657,0.005630556922181657,0.005630556922181657,0.005630556922181657,0.005630556922181657,0.005630556922181657,0.005630556922181657,0.005630556922181657,0.005630556922181657,0.005630556922181657,0.005630556922181657,0.002904914471966112,0.002904914471966112,0.002904914471966112,0.002904914471966112,0.002904914471966112,0.002904914471966112,0.002904914471966112,0.002904914471966112,0.002904914471966112,0.002904914471966112,0.002904914471966112,0.002904914471966112,0.002904914471966112,0.002904914471966112,0.002904914471966112,0.002904914471966112,0.002904914471966112,0.002904914471966112,0.002904914471966112,0.002904914471966112,0.002904914471966112,0.002904914471966112,0.002904914471966112,0.002904914471966112,0.002904914471966112,0.002904914471966112,0.002904914471966112,0.002904914471966112,0.002904914471966112,0.002904914471966112,0.002904914471966112,0.002904914471966112,0.0019318919630858672,0.0019318919630858672,0.0019318919630858672,0.0019318919630858672,0.0,0.0,0.0,0.0,0.0,0.0,0.0,0.0,0.0,0.0,0.0,0.0,0.0,0.0,0.0,0.0,0.0,0.0,0.0,0.0,0.0,0.0,0.0,0.0
36,823.71000518,0.02350341743848235,0.02350341743848235,0.02350341743848235,0.02350341743848235,0.02350341743848235,0.02350341743848235,0.02350341743848235,0.02350341743848235,0.02350341743848235,0.02350341743848235,0.02350341743848235,0.02350341743848235,0.02350341743848235,0.02350341743848235,0.02350341743848235,0.02350341743848235,0.02350341743848235,0.02350341743848235,0.02350341743848235,0.02350341743848235,0.02350341743848235,0.02350341743848235,0.02350341743848235,0.02350341743848235,0.007769724854321089,0.007769724854321089,0.007769724854321089,0.007769724854321089,0.007769724854321089,0.007769724854321089,0.007769724854321089,0.007769724854321089,0.007769724854321089,0.007769724854321089,0.007769724854321089,0.007769724854321089,0.007769724854321089,0.007769724854321089,0.007769724854321089,0.007769724854321089,0.005341685875283858,0.005341685875283858,0.005341685875283858,0.005341685875283858,0.005341685875283858,0.005341685875283858,0.005341685875283858,0.005341685875283858,0.005341685875283858,0.005341685875283858,0.005341685875283858,0.005341685875283858,0.005341685875283858,0.005341685875283858,0.005341685875283858,0.005341685875283858,0.005341685875283858,0.005341685875283858,0.005341685875283858,0.005341685875283858,0.005341685875283858,0.005341685875283858,0.005341685875283858,0.005341685875283858,0.005341685875283858,0.005341685875283858,0.005341685875283858,0.005341685875283858,0.005341685875283858,0.005341685875283858,0.005341685875283858,0.005341685875283858,0.005341685875283858,0.005341685875283858,0.005341685875283858,0.005341685875283858,0.0,0.0,0.0,0.0,0.0,0.0,0.0,0.0,0.0,0.0,0.0,0.0,0.0,0.0,0.0,0.0,0.0,0.0,0.0,0.0,0.0,0.0,0.0,0.0
37,5442.649995688,0.03680927496324798,0.03680927496324798,0.03680927496324798,0.03680927496324798,0.03680927496324798,0.03680927496324798,0.03680927496324798,0.03680927496324798,0.03680927496324798,0.03680927496324798,0.03680927496324798,0.03680927496324798,0.03680927496324798,0.03680927496324798,0.03680927496324798,0.03680927496324798,0.03680927496324798,0.03680927496324798,0.03680927496324798,0.03680927496324798,0.03680927496324798,0.03680927496324798,0.03680927496324798,0.03680927496324798,0.007093970791910046,0.007093970791910046,0.007093970791910046,0.007093970791910046,0.007093970791910046,0.007093970791910046,0.007093970791910046,0.007093970791910046,0.007093970791910046,0.007093970791910046,0.007093970791910046,0.007093970791910046,0.007093970791910046,0.007093970791910046,0.007093970791910046,0.007093970791910046,0.002939744428298014,0.002939744428298014,0.002939744428298014,0.002939744428298014,0.002939744428298014,0.002939744428298014,0.002939744428298014,0.002939744428298014,0.002939744428298014,0.002939744428298014,0.002939744428298014,0.002939744428298014,0.002939744428298014,0.002939744428298014,0.002939744428298014,0.002939744428298014,0.002939744428298014,0.002939744428298014,0.002939744428298014,0.002939744428298014,0.002939744428298014,0.002939744428298014,0.002939744428298014,0.002939744428298014,0.002939744428298014,0.002939744428298014,0.002939744428298014,0.002939744428298014,0.002939744428298014,0.002939744428298014,0.002939744428298014,0.002939744428298014,0.0023885423479921364,0.0023885423479921364,0.0023885423479921364,0.0023885423479921364,0.0,0.0,0.0,0.0,0.0,0.0,0.0,0.0,0.0,0.0,0.0,0.0,0.0,0.0,0.0,0.0,0.0,0.0,0.0,0.0,0.0,0.0,0.0,0.0
38,24170.480163723,0.01845722533429736,0.01845722533429736,0.01845722533429736,0.01845722533429736,0.01845722533429736,0.01845722533429736,0.01845722533429736,0.01845722533429736,0.01845722533429736,0.01845722533429736,0.01845722533429736,0.01845722533429736,0.01845722533429736,0.01845722533429736,0.01845722533429736,0.01845722533429736,0.01845722533429736,0.01845722533429736,0.01845722533429736,0.01845722533429736,0.01845722533429736,0.01845722533429736,0.01845722533429736,0.01845722533429736,0.003657767628575819,0.003657767628575819,0.003657767628575819,0.003657767628575819,0.003657767628575819,0.003657767628575819,0.003657767628575819,0.003657767628575819,0.003657767628575819,0.003657767628575819,0.003657767628575819,0.003657767628575819,0.003657767628575819,0.003657767628575819,0.003657767628575819,0.003657767628575819,0.00024823669034946356,0.00024823669034946356,0.00024823669034946356,0.00024823669034946356,0.00024823669034946356,0.00024823669034946356,0.00024823669034946356,0.00024823669034946356,0.00024823669034946356,0.00024823669034946356,0.00024823669034946356,0.00024823669034946356,0.00024823669034946356,0.00024823669034946356,0.00024823669034946356,0.00024823669034946356,0.00024823669034946356,0.00024823669034946356,0.00024823669034946356,0.00024823669034946356,0.00024823669034946356,0.00024823669034946356,0.00024823669034946356,0.00024823669034946356,0.00024823669034946356,0.00024823669034946356,0.00024823669034946356,0.00024823669034946356,0.00024823669034946356,0.00024823669034946356,0.00024823669034946356,0.00024823669034946356,8.274556344982e-05,8.274556344982e-05,8.274556344982e-05,8.274556344982e-05,0.0,0.0,0.0,0.0,0.0,0.0,0.0,0.0,0.0,0.0,0.0,0.0,0.0,0.0,0.0,0.0,0.0,0.0,0.0,0.0,0.0,0.0,0.0,0.0
39,0.0,0.0,0.0,0.0,0.0,0.0,0.0,0.0,0.0,0.0,0.0,0.0,0.0,0.0,0.0,0.0,0.0,0.0,0.0,0.0,0.0,0.0,0.0,0.0,0.0,0.0,0.0,0.0,0.0,0.0,0.0,0.0,0.0,0.0,0.0,0.0,0.0,0.0,0.0,0.0,0.0,0.0,0.0,0.0,0.0,0.0,0.0,0.0,0.0,0.0,0.0,0.0,0.0,0.0,0.0,0.0,0.0,0.0,0.0,0.0,0.0,0.0,0.0,0.0,0.0,0.0,0.0,0.0,0.0,0.0,0.0,0.0,0.0,0.0,0.0,0.0,0.0,0.0,0.0,0.0,0.0,0.0,0.0,0.0,0.0,0.0,0.0,0.0,0.0,0.0,0.0,0.0,0.0,0.0,0.0,0.0,0.0,0.0,0.0,0.0,0.0
40,4316.51999536,0.006331489215705732,0.006331489215705732,0.006331489215705732,0.006331489215705732,0.006331489215705732,0.006331489215705732,0.006331489215705732,0.006331489215705732,0.006331489215705732,0.006331489215705732,0.006331489215705732,0.006331489215705732,0.006331489215705732,0.006331489215705732,0.006331489215705732,0.006331489215705732,0.006331489215705732,0.006331489215705732,0.006331489215705732,0.006331489215705732,0.006331489215705732,0.006331489215705732,0.006331489215705732,0.006331489215705732,0.002856467666836713,0.002856467666836713,0.002856467666836713,0.002856467666836713,0.002856467666836713,0.002856467666836713,0.002856467666836713,0.002856467666836713,0.002856467666836713,0.002856467666836713,0.002856467666836713,0.002856467666836713,0.002856467666836713,0.002856467666836713,0.002856467666836713,0.002856467666836713,0.0006950043097738039,0.0006950043097738039,0.0006950043097738039,0.0006950043097738039,0.0006950043097738039,0.0006950043097738039,0.0006950043097738039,0.0006950043097738039,0.0006950043097738039,0.0006950043097738039,0.0006950043097738039,0.0006950043097738039,0.0006950043097738039,0.0006950043097738039,0.0006950043097738039,0.0006950043097738039,0.0006950043097738039,0.0006950043097738039,0.0006950043097738039,0.0006950043097738039,0.0006950043097738039,0.0006950043097738039,0.0006950043097738039,0.0006950043097738039,0.0006950043097738039,0.0006950043097738039,0.0006950043097738039,0.0006950043097738039,0.0006950043097738039,0.0006950043097738039,0.0006950043097738039,0.0006950043097738039,0.00046333620651586925,0.00046333620651586925,0.00046333620651586925,0.00046333620651586925,0.0,0.0,0.0,0.0,0.0,0.0,0.0,0.0,0.0,0.0,0.0,0.0,0.0,0.0,0.0,0.0,0.0,0.0,0.0,0.0,0.0,0.0,0.0,0.0
41,15621.369966932,0.009048502363058803,0.009048502363058803,0.009048502363058803,0.009048502363058803,0.009048502363058803,0.009048502363058803,0.009048502363058803,0.009048502363058803,0.009048502363058803,0.009048502363058803,0.009048502363058803,0.009048502363058803,0.009048502363058803,0.009048502363058803,0.009048502363058803,0.009048502363058803,0.009048502363058803,0.009048502363058803,0.009048502363058803,0.009048502363058803,0.009048502363058803,0.009048502363058803,0.009048502363058803,0.009048502363058803,0.009048502363058803,0.009048502363058803,0.009048502363058803,0.009048502363058803,0.009048502363058803,0.009048502363058803,0.009048502363058803,0.009048502363058803,0.009048502363058803,0.003175137730237198,0.003175137730237198,0.003175137730237198,0.003175137730237198,0.003175137730237198,0.003175137730237198,0.003175137730237198,0.003175137730237198,0.003175137730237198,0.003175137730237198,0.003175137730237198,0.003175137730237198,0.003175137730237198,0.003175137730237198,0.003175137730237198,0.003175137730237198,0.003175137730237198,0.00254651167370135,0.00254651167370135,0.00254651167370135,0.00254651167370135,0.00254651167370135,0.00254651167370135,0.00254651167370135,0.00254651167370135,0.00254651167370135,0.00254651167370135,0.00254651167370135,0.00254651167370135,0.00254651167370135,0.00254651167370135,0.00254651167370135,0.00254651167370135,0.00254651167370135,0.00254651167370135,0.00254651167370135,0.00254651167370135,0.00254651167370135,0.00254651167370135,0.00254651167370135,0.00254651167370135,0.00254651167370135,0.00254651167370135,0.00254651167370135,0.00254651167370135,0.00038408923242334506,0.00038408923242334506,0.0,0.0,0.0,0.0,0.0,0.0,0.0,0.0,0.0,0.0,0.0,0.0,0.0,0.0,0.0,0.0,0.0,0.0,0.0,0.0
42,3476.199987906,0.017067487603249006,0.017067487603249006,0.017067487603249006,0.017067487603249006,0.017067487603249006,0.017067487603249006,0.017067487603249006,0.017067487603249006,0.017067487603249006,0.017067487603249006,0.017067487603249006,0.017067487603249006,0.017067487603249006,0.017067487603249006,0.017067487603249006,0.017067487603249006,0.017067487603249006,0.017067487603249006,0.017067487603249006,0.017067487603249006,0.017067487603249006,0.017067487603249006,0.017067487603249006,0.017067487603249006,0.017067487603249006,0.017067487603249006,0.017067487603249006,0.017067487603249006,0.004792589654784413,0.004792589654784413,0.004792589654784413,0.004792589654784413,0.004792589654784413,0.004792589654784413,0.004792589654784413,0.004792589654784413,0.004792589654784413,0.004792589654784413,0.004792589654784413,0.004792589654784413,0.004792589654784413,0.004792589654784413,0.004792589654784413,0.004792589654784413,0.004792589654784413,0.004792589654784413,0.004792589654784413,0.004792589654784413,0.004792589654784413,0.004792589654784413,0.004792589654784413,0.004792589654784413,0.001438352228696689,0.001438352228696689,0.001438352228696689,0.001438352228696689,0.001438352228696689,0.001438352228696689,0.001438352228696689,0.001438352228696689,0.001438352228696689,0.001438352228696689,0.001438352228696689,0.001438352228696689,0.001438352228696689,0.001438352228696689,0.001438352228696689,0.001438352228696689,0.001438352228696689,0.001438352228696689,0.001438352228696689,0.001438352228696689,0.0002876704457393374,0.0002876704457393374,0.0002876704457393374,0.0002876704457393374,0.0002876704457393374,0.0002876704457393374,0.0002876704457393374,0.0002876704457393374,0.0002876704457393374,0.0002876704457393374,0.0002876704457393374,0.0002876704457393374,0.0002876704457393374,0.0002876704457393374,0.0002876704457393374,0.0002876704457393374,0.0002876704457393374,0.0002876704457393374,0.0002876704457393374,0.0,0.0,0.0,0.0,0.0,0.0,0.0,0.0,0.0
43,8037.859998316,0.043970658854974656,0.043970658854974656,0.043970658854974656,0.043970658854974656,0.043970658854974656,0.043970658854974656,0.043970658854974656,0.043970658854974656,0.043970658854974656,0.043970658854974656,0.043970658854974656,0.043970658854974656,0.007718472331316784,0.007718472331316784,0.007718472331316784,0.007718472331316784,0.007718472331316784,0.007718472331316784,0.007718472331316784,0.007718472331316784,0.007718472331316784,0.007718472331316784,0.007718472331316784,0.007718472331316784,0.0027955202012361095,0.0027955202012361095,0.0027955202012361095,0.0027955202012361095,0.0027955202012361095,0.0027955202012361095,0.0027955202012361095,0.0027955202012361095,0.0027955202012361095,0.0027955202012361095,0.0027955202012361095,0.0027955202012361095,0.0027955202012361095,0.0027955202012361095,0.0027955202012361095,0.0027955202012361095,0.0027955202012361095,0.0027955202012361095,0.0027955202012361095,0.0027955202012361095,0.0027955202012361095,0.0027955202012361095,0.0027955202012361095,0.0027955202012361095,0.0027955202012361095,0.0027955202012361095,0.0027955202012361095,0.0027955202012361095,0.0027955202012361095,0.0027955202012361095,0.0027955202012361095,0.0027955202012361095,0.0027955202012361095,0.0027955202012361095,0.0027955202012361095,0.0027955202012361095,0.0027955202012361095,0.0027955202012361095,0.0027955202012361095,0.0027955202012361095,0.0027955202012361095,0.0027955202012361095,0.0027955202012361095,0.0027955202012361095,0.0027955202012361095,0.0027955202012361095,0.0027955202012361095,0.0027955202012361095,0.0,0.0,0.0,0.0,0.0,0.0,0.0,0.0,0.0,0.0,0.0,0.0,0.0,0.0,0.0,0.0,0.0,0.0,0.0,0.0,0.0,0.0,0.0,0.0,0.0,0.0,0.0,0.0
